{"type":"FeatureCollection","features":[{"type":"Feature","properties":{"id":"bantu-west","name":"Bantu expansion (western stream)","kind":"migration","y0":-1500,"y1":-1333.3333333333333,"to":500,"last":false},"geometry":{"type":"LineString","coordinates":[[10.2,6.2],[10.633,4.8]]}},{"type":"Feature","properties":{"id":"bantu-west","name":"Bantu expansion (western stream)","kind":"migration","y0":-1500,"y1":-1333.3333333333333,"to":500,"last":false,"head":true,"rotate":73},"geometry":{"type":"Point","coordinates":[10.633,4.8]}},{"type":"Feature","properties":{"id":"bantu-west","name":"Bantu expansion (western stream)","kind":"migration","y0":-1333.3333333333333,"y1":-1166.6666666666667,"to":500,"last":false},"geometry":{"type":"LineString","coordinates":[[10.633,4.8],[11.067,3.4]]}},{"type":"Feature","properties":{"id":"bantu-west","name":"Bantu expansion (western stream)","kind":"migration","y0":-1333.3333333333333,"y1":-1166.6666666666667,"to":500,"last":false,"head":true,"rotate":73},"geometry":{"type":"Point","coordinates":[11.067,3.4]}},{"type":"Feature","properties":{"id":"bantu-west","name":"Bantu expansion (western stream)","kind":"migration","y0":-1166.6666666666667,"y1":-1000,"to":500,"last":false},"geometry":{"type":"LineString","coordinates":[[11.067,3.4],[11.5,2]]}},{"type":"Feature","properties":{"id":"bantu-west","name":"Bantu expansion (western stream)","kind":"migration","y0":-1166.6666666666667,"y1":-1000,"to":500,"last":false,"head":true,"rotate":73},"geometry":{"type":"Point","coordinates":[11.5,2]}},{"type":"Feature","properties":{"id":"bantu-west","name":"Bantu expansion (western stream)","kind":"migration","y0":-1000,"y1":-900,"to":500,"last":false},"geometry":{"type":"LineString","coordinates":[[11.5,2],[11.9,0.7]]}},{"type":"Feature","properties":{"id":"bantu-west","name":"Bantu expansion (western stream)","kind":"migration","y0":-1000,"y1":-900,"to":500,"last":false,"head":true,"rotate":73},"geometry":{"type":"Point","coordinates":[11.9,0.7]}},{"type":"Feature","properties":{"id":"bantu-west","name":"Bantu expansion (western stream)","kind":"migration","y0":-900,"y1":-800,"to":500,"last":false},"geometry":{"type":"LineString","coordinates":[[11.9,0.7],[12.3,-0.6]]}},{"type":"Feature","properties":{"id":"bantu-west","name":"Bantu expansion (western stream)","kind":"migration","y0":-900,"y1":-800,"to":500,"last":false,"head":true,"rotate":73},"geometry":{"type":"Point","coordinates":[12.3,-0.6]}},{"type":"Feature","properties":{"id":"bantu-west","name":"Bantu expansion (western stream)","kind":"migration","y0":-800,"y1":-700,"to":500,"last":false},"geometry":{"type":"LineString","coordinates":[[12.3,-0.6],[12.7,-1.9]]}},{"type":"Feature","properties":{"id":"bantu-west","name":"Bantu expansion (western stream)","kind":"migration","y0":-800,"y1":-700,"to":500,"last":false,"head":true,"rotate":73},"geometry":{"type":"Point","coordinates":[12.7,-1.9]}},{"type":"Feature","properties":{"id":"bantu-west","name":"Bantu expansion (western stream)","kind":"migration","y0":-700,"y1":-600,"to":500,"last":false},"geometry":{"type":"LineString","coordinates":[[12.7,-1.9],[13.1,-3.2]]}},{"type":"Feature","properties":{"id":"bantu-west","name":"Bantu expansion (western stream)","kind":"migration","y0":-700,"y1":-600,"to":500,"last":false,"head":true,"rotate":73},"geometry":{"type":"Point","coordinates":[13.1,-3.2]}},{"type":"Feature","properties":{"id":"bantu-west","name":"Bantu expansion (western stream)","kind":"migration","y0":-600,"y1":-500,"to":500,"last":false},"geometry":{"type":"LineString","coordinates":[[13.1,-3.2],[13.5,-4.5]]}},{"type":"Feature","properties":{"id":"bantu-west","name":"Bantu expansion (western stream)","kind":"migration","y0":-600,"y1":-500,"to":500,"last":false,"head":true,"rotate":73},"geometry":{"type":"Point","coordinates":[13.5,-4.5]}},{"type":"Feature","properties":{"id":"bantu-west","name":"Bantu expansion (western stream)","kind":"migration","y0":-500,"y1":-399.8,"to":500,"last":false},"geometry":{"type":"LineString","coordinates":[[13.5,-4.5],[13.9,-5.9]]}},{"type":"Feature","properties":{"id":"bantu-west","name":"Bantu expansion (western stream)","kind":"migration","y0":-500,"y1":-399.8,"to":500,"last":false,"head":true,"rotate":74},"geometry":{"type":"Point","coordinates":[13.9,-5.9]}},{"type":"Feature","properties":{"id":"bantu-west","name":"Bantu expansion (western stream)","kind":"migration","y0":-399.8,"y1":-299.6,"to":500,"last":false},"geometry":{"type":"LineString","coordinates":[[13.9,-5.9],[14.3,-7.3]]}},{"type":"Feature","properties":{"id":"bantu-west","name":"Bantu expansion (western stream)","kind":"migration","y0":-399.8,"y1":-299.6,"to":500,"last":false,"head":true,"rotate":74},"geometry":{"type":"Point","coordinates":[14.3,-7.3]}},{"type":"Feature","properties":{"id":"bantu-west","name":"Bantu expansion (western stream)","kind":"migration","y0":-299.6,"y1":-199.40000000000003,"to":500,"last":false},"geometry":{"type":"LineString","coordinates":[[14.3,-7.3],[14.7,-8.7]]}},{"type":"Feature","properties":{"id":"bantu-west","name":"Bantu expansion (western stream)","kind":"migration","y0":-299.6,"y1":-199.40000000000003,"to":500,"last":false,"head":true,"rotate":74},"geometry":{"type":"Point","coordinates":[14.7,-8.7]}},{"type":"Feature","properties":{"id":"bantu-west","name":"Bantu expansion (western stream)","kind":"migration","y0":-199.40000000000003,"y1":-99.19999999999999,"to":500,"last":false},"geometry":{"type":"LineString","coordinates":[[14.7,-8.7],[15.1,-10.1]]}},{"type":"Feature","properties":{"id":"bantu-west","name":"Bantu expansion (western stream)","kind":"migration","y0":-199.40000000000003,"y1":-99.19999999999999,"to":500,"last":false,"head":true,"rotate":74},"geometry":{"type":"Point","coordinates":[15.1,-10.1]}},{"type":"Feature","properties":{"id":"bantu-west","name":"Bantu expansion (western stream)","kind":"migration","y0":-99.19999999999999,"y1":1,"to":500,"last":false},"geometry":{"type":"LineString","coordinates":[[15.1,-10.1],[15.5,-11.5]]}},{"type":"Feature","properties":{"id":"bantu-west","name":"Bantu expansion (western stream)","kind":"migration","y0":-99.19999999999999,"y1":1,"to":500,"last":false,"head":true,"rotate":74},"geometry":{"type":"Point","coordinates":[15.5,-11.5]}},{"type":"Feature","properties":{"id":"bantu-west","name":"Bantu expansion (western stream)","kind":"migration","y0":1,"y1":100.80000000000001,"to":500,"last":false},"geometry":{"type":"LineString","coordinates":[[15.5,-11.5],[15.9,-12.7]]}},{"type":"Feature","properties":{"id":"bantu-west","name":"Bantu expansion (western stream)","kind":"migration","y0":1,"y1":100.80000000000001,"to":500,"last":false,"head":true,"rotate":72},"geometry":{"type":"Point","coordinates":[15.9,-12.7]}},{"type":"Feature","properties":{"id":"bantu-west","name":"Bantu expansion (western stream)","kind":"migration","y0":100.80000000000001,"y1":200.60000000000002,"to":500,"last":false},"geometry":{"type":"LineString","coordinates":[[15.9,-12.7],[16.3,-13.9]]}},{"type":"Feature","properties":{"id":"bantu-west","name":"Bantu expansion (western stream)","kind":"migration","y0":100.80000000000001,"y1":200.60000000000002,"to":500,"last":false,"head":true,"rotate":72},"geometry":{"type":"Point","coordinates":[16.3,-13.9]}},{"type":"Feature","properties":{"id":"bantu-west","name":"Bantu expansion (western stream)","kind":"migration","y0":200.60000000000002,"y1":300.4,"to":500,"last":false},"geometry":{"type":"LineString","coordinates":[[16.3,-13.9],[16.7,-15.1]]}},{"type":"Feature","properties":{"id":"bantu-west","name":"Bantu expansion (western stream)","kind":"migration","y0":200.60000000000002,"y1":300.4,"to":500,"last":false,"head":true,"rotate":72},"geometry":{"type":"Point","coordinates":[16.7,-15.1]}},{"type":"Feature","properties":{"id":"bantu-west","name":"Bantu expansion (western stream)","kind":"migration","y0":300.4,"y1":400.20000000000005,"to":500,"last":false},"geometry":{"type":"LineString","coordinates":[[16.7,-15.1],[17.1,-16.3]]}},{"type":"Feature","properties":{"id":"bantu-west","name":"Bantu expansion (western stream)","kind":"migration","y0":300.4,"y1":400.20000000000005,"to":500,"last":false,"head":true,"rotate":72},"geometry":{"type":"Point","coordinates":[17.1,-16.3]}},{"type":"Feature","properties":{"id":"bantu-west","name":"Bantu expansion (western stream)","kind":"migration","y0":400.20000000000005,"y1":500,"to":500,"last":true},"geometry":{"type":"LineString","coordinates":[[17.1,-16.3],[17.5,-17.5]]}},{"type":"Feature","properties":{"id":"bantu-west","name":"Bantu expansion (western stream)","kind":"migration","y0":400.20000000000005,"y1":500,"to":500,"last":true,"head":true,"rotate":72},"geometry":{"type":"Point","coordinates":[17.5,-17.5]}},{"type":"Feature","properties":{"id":"bantu-east","name":"Bantu expansion (eastern stream)","kind":"migration","y0":-1500,"y1":-1428.5714285714287,"to":400,"last":false},"geometry":{"type":"LineString","coordinates":[[10.2,6.2],[11.6,5.743]]}},{"type":"Feature","properties":{"id":"bantu-east","name":"Bantu expansion (eastern stream)","kind":"migration","y0":-1500,"y1":-1428.5714285714287,"to":400,"last":false,"head":true,"rotate":18},"geometry":{"type":"Point","coordinates":[11.6,5.743]}},{"type":"Feature","properties":{"id":"bantu-east","name":"Bantu expansion (eastern stream)","kind":"migration","y0":-1428.5714285714287,"y1":-1357.142857142857,"to":400,"last":false},"geometry":{"type":"LineString","coordinates":[[11.6,5.743],[13,5.286]]}},{"type":"Feature","properties":{"id":"bantu-east","name":"Bantu expansion (eastern stream)","kind":"migration","y0":-1428.5714285714287,"y1":-1357.142857142857,"to":400,"last":false,"head":true,"rotate":18},"geometry":{"type":"Point","coordinates":[13,5.286]}},{"type":"Feature","properties":{"id":"bantu-east","name":"Bantu expansion (eastern stream)","kind":"migration","y0":-1357.142857142857,"y1":-1285.7142857142858,"to":400,"last":false},"geometry":{"type":"LineString","coordinates":[[13,5.286],[14.4,4.829]]}},{"type":"Feature","properties":{"id":"bantu-east","name":"Bantu expansion (eastern stream)","kind":"migration","y0":-1357.142857142857,"y1":-1285.7142857142858,"to":400,"last":false,"head":true,"rotate":18},"geometry":{"type":"Point","coordinates":[14.4,4.829]}},{"type":"Feature","properties":{"id":"bantu-east","name":"Bantu expansion (eastern stream)","kind":"migration","y0":-1285.7142857142858,"y1":-1214.2857142857142,"to":400,"last":false},"geometry":{"type":"LineString","coordinates":[[14.4,4.829],[15.8,4.371]]}},{"type":"Feature","properties":{"id":"bantu-east","name":"Bantu expansion (eastern stream)","kind":"migration","y0":-1285.7142857142858,"y1":-1214.2857142857142,"to":400,"last":false,"head":true,"rotate":18},"geometry":{"type":"Point","coordinates":[15.8,4.371]}},{"type":"Feature","properties":{"id":"bantu-east","name":"Bantu expansion (eastern stream)","kind":"migration","y0":-1214.2857142857142,"y1":-1142.857142857143,"to":400,"last":false},"geometry":{"type":"LineString","coordinates":[[15.8,4.371],[17.2,3.914]]}},{"type":"Feature","properties":{"id":"bantu-east","name":"Bantu expansion (eastern stream)","kind":"migration","y0":-1214.2857142857142,"y1":-1142.857142857143,"to":400,"last":false,"head":true,"rotate":18},"geometry":{"type":"Point","coordinates":[17.2,3.914]}},{"type":"Feature","properties":{"id":"bantu-east","name":"Bantu expansion (eastern stream)","kind":"migration","y0":-1142.857142857143,"y1":-1071.4285714285716,"to":400,"last":false},"geometry":{"type":"LineString","coordinates":[[17.2,3.914],[18.6,3.457]]}},{"type":"Feature","properties":{"id":"bantu-east","name":"Bantu expansion (eastern stream)","kind":"migration","y0":-1142.857142857143,"y1":-1071.4285714285716,"to":400,"last":false,"head":true,"rotate":18},"geometry":{"type":"Point","coordinates":[18.6,3.457]}},{"type":"Feature","properties":{"id":"bantu-east","name":"Bantu expansion (eastern stream)","kind":"migration","y0":-1071.4285714285716,"y1":-1000,"to":400,"last":false},"geometry":{"type":"LineString","coordinates":[[18.6,3.457],[20,3]]}},{"type":"Feature","properties":{"id":"bantu-east","name":"Bantu expansion (eastern stream)","kind":"migration","y0":-1071.4285714285716,"y1":-1000,"to":400,"last":false,"head":true,"rotate":18},"geometry":{"type":"Point","coordinates":[20,3]}},{"type":"Feature","properties":{"id":"bantu-east","name":"Bantu expansion (eastern stream)","kind":"migration","y0":-1000,"y1":-937.5,"to":400,"last":false},"geometry":{"type":"LineString","coordinates":[[20,3],[21.375,2.438]]}},{"type":"Feature","properties":{"id":"bantu-east","name":"Bantu expansion (eastern stream)","kind":"migration","y0":-1000,"y1":-937.5,"to":400,"last":false,"head":true,"rotate":22},"geometry":{"type":"Point","coordinates":[21.375,2.438]}},{"type":"Feature","properties":{"id":"bantu-east","name":"Bantu expansion (eastern stream)","kind":"migration","y0":-937.5,"y1":-875,"to":400,"last":false},"geometry":{"type":"LineString","coordinates":[[21.375,2.438],[22.75,1.875]]}},{"type":"Feature","properties":{"id":"bantu-east","name":"Bantu expansion (eastern stream)","kind":"migration","y0":-937.5,"y1":-875,"to":400,"last":false,"head":true,"rotate":22},"geometry":{"type":"Point","coordinates":[22.75,1.875]}},{"type":"Feature","properties":{"id":"bantu-east","name":"Bantu expansion (eastern stream)","kind":"migration","y0":-875,"y1":-812.5,"to":400,"last":false},"geometry":{"type":"LineString","coordinates":[[22.75,1.875],[24.125,1.313]]}},{"type":"Feature","properties":{"id":"bantu-east","name":"Bantu expansion (eastern stream)","kind":"migration","y0":-875,"y1":-812.5,"to":400,"last":false,"head":true,"rotate":22},"geometry":{"type":"Point","coordinates":[24.125,1.313]}},{"type":"Feature","properties":{"id":"bantu-east","name":"Bantu expansion (eastern stream)","kind":"migration","y0":-812.5,"y1":-750,"to":400,"last":false},"geometry":{"type":"LineString","coordinates":[[24.125,1.313],[25.5,0.75]]}},{"type":"Feature","properties":{"id":"bantu-east","name":"Bantu expansion (eastern stream)","kind":"migration","y0":-812.5,"y1":-750,"to":400,"last":false,"head":true,"rotate":22},"geometry":{"type":"Point","coordinates":[25.5,0.75]}},{"type":"Feature","properties":{"id":"bantu-east","name":"Bantu expansion (eastern stream)","kind":"migration","y0":-750,"y1":-687.5,"to":400,"last":false},"geometry":{"type":"LineString","coordinates":[[25.5,0.75],[26.875,0.188]]}},{"type":"Feature","properties":{"id":"bantu-east","name":"Bantu expansion (eastern stream)","kind":"migration","y0":-750,"y1":-687.5,"to":400,"last":false,"head":true,"rotate":22},"geometry":{"type":"Point","coordinates":[26.875,0.188]}},{"type":"Feature","properties":{"id":"bantu-east","name":"Bantu expansion (eastern stream)","kind":"migration","y0":-687.5,"y1":-625,"to":400,"last":false},"geometry":{"type":"LineString","coordinates":[[26.875,0.188],[28.25,-0.375]]}},{"type":"Feature","properties":{"id":"bantu-east","name":"Bantu expansion (eastern stream)","kind":"migration","y0":-687.5,"y1":-625,"to":400,"last":false,"head":true,"rotate":22},"geometry":{"type":"Point","coordinates":[28.25,-0.375]}},{"type":"Feature","properties":{"id":"bantu-east","name":"Bantu expansion (eastern stream)","kind":"migration","y0":-625,"y1":-562.5,"to":400,"last":false},"geometry":{"type":"LineString","coordinates":[[28.25,-0.375],[29.625,-0.937]]}},{"type":"Feature","properties":{"id":"bantu-east","name":"Bantu expansion (eastern stream)","kind":"migration","y0":-625,"y1":-562.5,"to":400,"last":false,"head":true,"rotate":22},"geometry":{"type":"Point","coordinates":[29.625,-0.937]}},{"type":"Feature","properties":{"id":"bantu-east","name":"Bantu expansion (eastern stream)","kind":"migration","y0":-562.5,"y1":-500,"to":400,"last":false},"geometry":{"type":"LineString","coordinates":[[29.625,-0.937],[31,-1.5]]}},{"type":"Feature","properties":{"id":"bantu-east","name":"Bantu expansion (eastern stream)","kind":"migration","y0":-562.5,"y1":-500,"to":400,"last":false,"head":true,"rotate":22},"geometry":{"type":"Point","coordinates":[31,-1.5]}},{"type":"Feature","properties":{"id":"bantu-east","name":"Bantu expansion (eastern stream)","kind":"migration","y0":-500,"y1":-420,"to":400,"last":false},"geometry":{"type":"LineString","coordinates":[[31,-1.5],[32.3,-2]]}},{"type":"Feature","properties":{"id":"bantu-east","name":"Bantu expansion (eastern stream)","kind":"migration","y0":-500,"y1":-420,"to":400,"last":false,"head":true,"rotate":21},"geometry":{"type":"Point","coordinates":[32.3,-2]}},{"type":"Feature","properties":{"id":"bantu-east","name":"Bantu expansion (eastern stream)","kind":"migration","y0":-420,"y1":-340,"to":400,"last":false},"geometry":{"type":"LineString","coordinates":[[32.3,-2],[33.6,-2.5]]}},{"type":"Feature","properties":{"id":"bantu-east","name":"Bantu expansion (eastern stream)","kind":"migration","y0":-420,"y1":-340,"to":400,"last":false,"head":true,"rotate":21},"geometry":{"type":"Point","coordinates":[33.6,-2.5]}},{"type":"Feature","properties":{"id":"bantu-east","name":"Bantu expansion (eastern stream)","kind":"migration","y0":-340,"y1":-260,"to":400,"last":false},"geometry":{"type":"LineString","coordinates":[[33.6,-2.5],[34.9,-3]]}},{"type":"Feature","properties":{"id":"bantu-east","name":"Bantu expansion (eastern stream)","kind":"migration","y0":-340,"y1":-260,"to":400,"last":false,"head":true,"rotate":21},"geometry":{"type":"Point","coordinates":[34.9,-3]}},{"type":"Feature","properties":{"id":"bantu-east","name":"Bantu expansion (eastern stream)","kind":"migration","y0":-260,"y1":-180,"to":400,"last":false},"geometry":{"type":"LineString","coordinates":[[34.9,-3],[36.2,-3.5]]}},{"type":"Feature","properties":{"id":"bantu-east","name":"Bantu expansion (eastern stream)","kind":"migration","y0":-260,"y1":-180,"to":400,"last":false,"head":true,"rotate":21},"geometry":{"type":"Point","coordinates":[36.2,-3.5]}},{"type":"Feature","properties":{"id":"bantu-east","name":"Bantu expansion (eastern stream)","kind":"migration","y0":-180,"y1":-100,"to":400,"last":false},"geometry":{"type":"LineString","coordinates":[[36.2,-3.5],[37.5,-4]]}},{"type":"Feature","properties":{"id":"bantu-east","name":"Bantu expansion (eastern stream)","kind":"migration","y0":-180,"y1":-100,"to":400,"last":false,"head":true,"rotate":21},"geometry":{"type":"Point","coordinates":[37.5,-4]}},{"type":"Feature","properties":{"id":"bantu-east","name":"Bantu expansion (eastern stream)","kind":"migration","y0":-100,"y1":-57.142857142857146,"to":400,"last":false},"geometry":{"type":"LineString","coordinates":[[37.5,-4],[37.214,-5.429]]}},{"type":"Feature","properties":{"id":"bantu-east","name":"Bantu expansion (eastern stream)","kind":"migration","y0":-100,"y1":-57.142857142857146,"to":400,"last":false,"head":true,"rotate":101},"geometry":{"type":"Point","coordinates":[37.214,-5.429]}},{"type":"Feature","properties":{"id":"bantu-east","name":"Bantu expansion (eastern stream)","kind":"migration","y0":-57.142857142857146,"y1":-14.285714285714292,"to":400,"last":false},"geometry":{"type":"LineString","coordinates":[[37.214,-5.429],[36.929,-6.857]]}},{"type":"Feature","properties":{"id":"bantu-east","name":"Bantu expansion (eastern stream)","kind":"migration","y0":-57.142857142857146,"y1":-14.285714285714292,"to":400,"last":false,"head":true,"rotate":101},"geometry":{"type":"Point","coordinates":[36.929,-6.857]}},{"type":"Feature","properties":{"id":"bantu-east","name":"Bantu expansion (eastern stream)","kind":"migration","y0":-14.285714285714292,"y1":28.571428571428555,"to":400,"last":false},"geometry":{"type":"LineString","coordinates":[[36.929,-6.857],[36.643,-8.286]]}},{"type":"Feature","properties":{"id":"bantu-east","name":"Bantu expansion (eastern stream)","kind":"migration","y0":-14.285714285714292,"y1":28.571428571428555,"to":400,"last":false,"head":true,"rotate":101},"geometry":{"type":"Point","coordinates":[36.643,-8.286]}},{"type":"Feature","properties":{"id":"bantu-east","name":"Bantu expansion (eastern stream)","kind":"migration","y0":28.571428571428555,"y1":71.42857142857142,"to":400,"last":false},"geometry":{"type":"LineString","coordinates":[[36.643,-8.286],[36.357,-9.714]]}},{"type":"Feature","properties":{"id":"bantu-east","name":"Bantu expansion (eastern stream)","kind":"migration","y0":28.571428571428555,"y1":71.42857142857142,"to":400,"last":false,"head":true,"rotate":101},"geometry":{"type":"Point","coordinates":[36.357,-9.714]}},{"type":"Feature","properties":{"id":"bantu-east","name":"Bantu expansion (eastern stream)","kind":"migration","y0":71.42857142857142,"y1":114.28571428571428,"to":400,"last":false},"geometry":{"type":"LineString","coordinates":[[36.357,-9.714],[36.071,-11.143]]}},{"type":"Feature","properties":{"id":"bantu-east","name":"Bantu expansion (eastern stream)","kind":"migration","y0":71.42857142857142,"y1":114.28571428571428,"to":400,"last":false,"head":true,"rotate":101},"geometry":{"type":"Point","coordinates":[36.071,-11.143]}},{"type":"Feature","properties":{"id":"bantu-east","name":"Bantu expansion (eastern stream)","kind":"migration","y0":114.28571428571428,"y1":157.1428571428571,"to":400,"last":false},"geometry":{"type":"LineString","coordinates":[[36.071,-11.143],[35.786,-12.571]]}},{"type":"Feature","properties":{"id":"bantu-east","name":"Bantu expansion (eastern stream)","kind":"migration","y0":114.28571428571428,"y1":157.1428571428571,"to":400,"last":false,"head":true,"rotate":101},"geometry":{"type":"Point","coordinates":[35.786,-12.571]}},{"type":"Feature","properties":{"id":"bantu-east","name":"Bantu expansion (eastern stream)","kind":"migration","y0":157.1428571428571,"y1":200,"to":400,"last":false},"geometry":{"type":"LineString","coordinates":[[35.786,-12.571],[35.5,-14]]}},{"type":"Feature","properties":{"id":"bantu-east","name":"Bantu expansion (eastern stream)","kind":"migration","y0":157.1428571428571,"y1":200,"to":400,"last":false,"head":true,"rotate":101},"geometry":{"type":"Point","coordinates":[35.5,-14]}},{"type":"Feature","properties":{"id":"bantu-east","name":"Bantu expansion (eastern stream)","kind":"migration","y0":200,"y1":214.28571428571428,"to":400,"last":false},"geometry":{"type":"LineString","coordinates":[[35.5,-14],[34.857,-15.143]]}},{"type":"Feature","properties":{"id":"bantu-east","name":"Bantu expansion (eastern stream)","kind":"migration","y0":200,"y1":214.28571428571428,"to":400,"last":false,"head":true,"rotate":119},"geometry":{"type":"Point","coordinates":[34.857,-15.143]}},{"type":"Feature","properties":{"id":"bantu-east","name":"Bantu expansion (eastern stream)","kind":"migration","y0":214.28571428571428,"y1":228.57142857142856,"to":400,"last":false},"geometry":{"type":"LineString","coordinates":[[34.857,-15.143],[34.214,-16.286]]}},{"type":"Feature","properties":{"id":"bantu-east","name":"Bantu expansion (eastern stream)","kind":"migration","y0":214.28571428571428,"y1":228.57142857142856,"to":400,"last":false,"head":true,"rotate":118},"geometry":{"type":"Point","coordinates":[34.214,-16.286]}},{"type":"Feature","properties":{"id":"bantu-east","name":"Bantu expansion (eastern stream)","kind":"migration","y0":228.57142857142856,"y1":242.85714285714286,"to":400,"last":false},"geometry":{"type":"LineString","coordinates":[[34.214,-16.286],[33.571,-17.429]]}},{"type":"Feature","properties":{"id":"bantu-east","name":"Bantu expansion (eastern stream)","kind":"migration","y0":228.57142857142856,"y1":242.85714285714286,"to":400,"last":false,"head":true,"rotate":118},"geometry":{"type":"Point","coordinates":[33.571,-17.429]}},{"type":"Feature","properties":{"id":"bantu-east","name":"Bantu expansion (eastern stream)","kind":"migration","y0":242.85714285714286,"y1":257.1428571428571,"to":400,"last":false},"geometry":{"type":"LineString","coordinates":[[33.571,-17.429],[32.929,-18.571]]}},{"type":"Feature","properties":{"id":"bantu-east","name":"Bantu expansion (eastern stream)","kind":"migration","y0":242.85714285714286,"y1":257.1428571428571,"to":400,"last":false,"head":true,"rotate":118},"geometry":{"type":"Point","coordinates":[32.929,-18.571]}},{"type":"Feature","properties":{"id":"bantu-east","name":"Bantu expansion (eastern stream)","kind":"migration","y0":257.1428571428571,"y1":271.42857142857144,"to":400,"last":false},"geometry":{"type":"LineString","coordinates":[[32.929,-18.571],[32.286,-19.714]]}},{"type":"Feature","properties":{"id":"bantu-east","name":"Bantu expansion (eastern stream)","kind":"migration","y0":257.1428571428571,"y1":271.42857142857144,"to":400,"last":false,"head":true,"rotate":118},"geometry":{"type":"Point","coordinates":[32.286,-19.714]}},{"type":"Feature","properties":{"id":"bantu-east","name":"Bantu expansion (eastern stream)","kind":"migration","y0":271.42857142857144,"y1":285.7142857142857,"to":400,"last":false},"geometry":{"type":"LineString","coordinates":[[32.286,-19.714],[31.643,-20.857]]}},{"type":"Feature","properties":{"id":"bantu-east","name":"Bantu expansion (eastern stream)","kind":"migration","y0":271.42857142857144,"y1":285.7142857142857,"to":400,"last":false,"head":true,"rotate":118},"geometry":{"type":"Point","coordinates":[31.643,-20.857]}},{"type":"Feature","properties":{"id":"bantu-east","name":"Bantu expansion (eastern stream)","kind":"migration","y0":285.7142857142857,"y1":300,"to":400,"last":false},"geometry":{"type":"LineString","coordinates":[[31.643,-20.857],[31,-22]]}},{"type":"Feature","properties":{"id":"bantu-east","name":"Bantu expansion (eastern stream)","kind":"migration","y0":285.7142857142857,"y1":300,"to":400,"last":false,"head":true,"rotate":118},"geometry":{"type":"Point","coordinates":[31,-22]}},{"type":"Feature","properties":{"id":"bantu-east","name":"Bantu expansion (eastern stream)","kind":"migration","y0":300,"y1":320,"to":400,"last":false},"geometry":{"type":"LineString","coordinates":[[31,-22],[30.9,-23.3]]}},{"type":"Feature","properties":{"id":"bantu-east","name":"Bantu expansion (eastern stream)","kind":"migration","y0":300,"y1":320,"to":400,"last":false,"head":true,"rotate":94},"geometry":{"type":"Point","coordinates":[30.9,-23.3]}},{"type":"Feature","properties":{"id":"bantu-east","name":"Bantu expansion (eastern stream)","kind":"migration","y0":320,"y1":340,"to":400,"last":false},"geometry":{"type":"LineString","coordinates":[[30.9,-23.3],[30.8,-24.6]]}},{"type":"Feature","properties":{"id":"bantu-east","name":"Bantu expansion (eastern stream)","kind":"migration","y0":320,"y1":340,"to":400,"last":false,"head":true,"rotate":94},"geometry":{"type":"Point","coordinates":[30.8,-24.6]}},{"type":"Feature","properties":{"id":"bantu-east","name":"Bantu expansion (eastern stream)","kind":"migration","y0":340,"y1":360,"to":400,"last":false},"geometry":{"type":"LineString","coordinates":[[30.8,-24.6],[30.7,-25.9]]}},{"type":"Feature","properties":{"id":"bantu-east","name":"Bantu expansion (eastern stream)","kind":"migration","y0":340,"y1":360,"to":400,"last":false,"head":true,"rotate":94},"geometry":{"type":"Point","coordinates":[30.7,-25.9]}},{"type":"Feature","properties":{"id":"bantu-east","name":"Bantu expansion (eastern stream)","kind":"migration","y0":360,"y1":380,"to":400,"last":false},"geometry":{"type":"LineString","coordinates":[[30.7,-25.9],[30.6,-27.2]]}},{"type":"Feature","properties":{"id":"bantu-east","name":"Bantu expansion (eastern stream)","kind":"migration","y0":360,"y1":380,"to":400,"last":false,"head":true,"rotate":94},"geometry":{"type":"Point","coordinates":[30.6,-27.2]}},{"type":"Feature","properties":{"id":"bantu-east","name":"Bantu expansion (eastern stream)","kind":"migration","y0":380,"y1":400,"to":400,"last":true},"geometry":{"type":"LineString","coordinates":[[30.6,-27.2],[30.5,-28.5]]}},{"type":"Feature","properties":{"id":"bantu-east","name":"Bantu expansion (eastern stream)","kind":"migration","y0":380,"y1":400,"to":400,"last":true,"head":true,"rotate":94},"geometry":{"type":"Point","coordinates":[30.5,-28.5]}},{"type":"Feature","properties":{"id":"austronesian","name":"Austronesian expansion","kind":"voyage","y0":-3000,"y1":-2866.6666666666665,"to":-1350,"last":false},"geometry":{"type":"LineString","coordinates":[[121,23.7],[121.083,22.417]]}},{"type":"Feature","properties":{"id":"austronesian","name":"Austronesian expansion","kind":"voyage","y0":-3000,"y1":-2866.6666666666665,"to":-1350,"last":false,"head":true,"rotate":87},"geometry":{"type":"Point","coordinates":[121.083,22.417]}},{"type":"Feature","properties":{"id":"austronesian","name":"Austronesian expansion","kind":"voyage","y0":-2866.6666666666665,"y1":-2733.3333333333335,"to":-1350,"last":false},"geometry":{"type":"LineString","coordinates":[[121.083,22.417],[121.167,21.133]]}},{"type":"Feature","properties":{"id":"austronesian","name":"Austronesian expansion","kind":"voyage","y0":-2866.6666666666665,"y1":-2733.3333333333335,"to":-1350,"last":false,"head":true,"rotate":87},"geometry":{"type":"Point","coordinates":[121.167,21.133]}},{"type":"Feature","properties":{"id":"austronesian","name":"Austronesian expansion","kind":"voyage","y0":-2733.3333333333335,"y1":-2600,"to":-1350,"last":false},"geometry":{"type":"LineString","coordinates":[[121.167,21.133],[121.25,19.85]]}},{"type":"Feature","properties":{"id":"austronesian","name":"Austronesian expansion","kind":"voyage","y0":-2733.3333333333335,"y1":-2600,"to":-1350,"last":false,"head":true,"rotate":87},"geometry":{"type":"Point","coordinates":[121.25,19.85]}},{"type":"Feature","properties":{"id":"austronesian","name":"Austronesian expansion","kind":"voyage","y0":-2600,"y1":-2466.666666666667,"to":-1350,"last":false},"geometry":{"type":"LineString","coordinates":[[121.25,19.85],[121.333,18.567]]}},{"type":"Feature","properties":{"id":"austronesian","name":"Austronesian expansion","kind":"voyage","y0":-2600,"y1":-2466.666666666667,"to":-1350,"last":false,"head":true,"rotate":86},"geometry":{"type":"Point","coordinates":[121.333,18.567]}},{"type":"Feature","properties":{"id":"austronesian","name":"Austronesian expansion","kind":"voyage","y0":-2466.666666666667,"y1":-2333.333333333333,"to":-1350,"last":false},"geometry":{"type":"LineString","coordinates":[[121.333,18.567],[121.417,17.283]]}},{"type":"Feature","properties":{"id":"austronesian","name":"Austronesian expansion","kind":"voyage","y0":-2466.666666666667,"y1":-2333.333333333333,"to":-1350,"last":false,"head":true,"rotate":86},"geometry":{"type":"Point","coordinates":[121.417,17.283]}},{"type":"Feature","properties":{"id":"austronesian","name":"Austronesian expansion","kind":"voyage","y0":-2333.333333333333,"y1":-2200,"to":-1350,"last":false},"geometry":{"type":"LineString","coordinates":[[121.417,17.283],[121.5,16]]}},{"type":"Feature","properties":{"id":"austronesian","name":"Austronesian expansion","kind":"voyage","y0":-2333.333333333333,"y1":-2200,"to":-1350,"last":false,"head":true,"rotate":86},"geometry":{"type":"Point","coordinates":[121.5,16]}},{"type":"Feature","properties":{"id":"austronesian","name":"Austronesian expansion","kind":"voyage","y0":-2200,"y1":-2166.6666666666665,"to":-1350,"last":false},"geometry":{"type":"LineString","coordinates":[[121.5,16],[122,14.667]]}},{"type":"Feature","properties":{"id":"austronesian","name":"Austronesian expansion","kind":"voyage","y0":-2200,"y1":-2166.6666666666665,"to":-1350,"last":false,"head":true,"rotate":70},"geometry":{"type":"Point","coordinates":[122,14.667]}},{"type":"Feature","properties":{"id":"austronesian","name":"Austronesian expansion","kind":"voyage","y0":-2166.6666666666665,"y1":-2133.3333333333335,"to":-1350,"last":false},"geometry":{"type":"LineString","coordinates":[[122,14.667],[122.5,13.333]]}},{"type":"Feature","properties":{"id":"austronesian","name":"Austronesian expansion","kind":"voyage","y0":-2166.6666666666665,"y1":-2133.3333333333335,"to":-1350,"last":false,"head":true,"rotate":70},"geometry":{"type":"Point","coordinates":[122.5,13.333]}},{"type":"Feature","properties":{"id":"austronesian","name":"Austronesian expansion","kind":"voyage","y0":-2133.3333333333335,"y1":-2100,"to":-1350,"last":false},"geometry":{"type":"LineString","coordinates":[[122.5,13.333],[123,12]]}},{"type":"Feature","properties":{"id":"austronesian","name":"Austronesian expansion","kind":"voyage","y0":-2133.3333333333335,"y1":-2100,"to":-1350,"last":false,"head":true,"rotate":70},"geometry":{"type":"Point","coordinates":[123,12]}},{"type":"Feature","properties":{"id":"austronesian","name":"Austronesian expansion","kind":"voyage","y0":-2100,"y1":-2066.6666666666665,"to":-1350,"last":false},"geometry":{"type":"LineString","coordinates":[[123,12],[123.5,10.667]]}},{"type":"Feature","properties":{"id":"austronesian","name":"Austronesian expansion","kind":"voyage","y0":-2100,"y1":-2066.6666666666665,"to":-1350,"last":false,"head":true,"rotate":70},"geometry":{"type":"Point","coordinates":[123.5,10.667]}},{"type":"Feature","properties":{"id":"austronesian","name":"Austronesian expansion","kind":"voyage","y0":-2066.6666666666665,"y1":-2033.3333333333333,"to":-1350,"last":false},"geometry":{"type":"LineString","coordinates":[[123.5,10.667],[124,9.333]]}},{"type":"Feature","properties":{"id":"austronesian","name":"Austronesian expansion","kind":"voyage","y0":-2066.6666666666665,"y1":-2033.3333333333333,"to":-1350,"last":false,"head":true,"rotate":70},"geometry":{"type":"Point","coordinates":[124,9.333]}},{"type":"Feature","properties":{"id":"austronesian","name":"Austronesian expansion","kind":"voyage","y0":-2033.3333333333333,"y1":-2000,"to":-1350,"last":false},"geometry":{"type":"LineString","coordinates":[[124,9.333],[124.5,8]]}},{"type":"Feature","properties":{"id":"austronesian","name":"Austronesian expansion","kind":"voyage","y0":-2033.3333333333333,"y1":-2000,"to":-1350,"last":false,"head":true,"rotate":70},"geometry":{"type":"Point","coordinates":[124.5,8]}},{"type":"Feature","properties":{"id":"austronesian","name":"Austronesian expansion","kind":"voyage","y0":-2000,"y1":-1975,"to":-1350,"last":false},"geometry":{"type":"LineString","coordinates":[[124.5,8],[123.938,6.813]]}},{"type":"Feature","properties":{"id":"austronesian","name":"Austronesian expansion","kind":"voyage","y0":-2000,"y1":-1975,"to":-1350,"last":false,"head":true,"rotate":115},"geometry":{"type":"Point","coordinates":[123.938,6.813]}},{"type":"Feature","properties":{"id":"austronesian","name":"Austronesian expansion","kind":"voyage","y0":-1975,"y1":-1950,"to":-1350,"last":false},"geometry":{"type":"LineString","coordinates":[[123.938,6.813],[123.375,5.625]]}},{"type":"Feature","properties":{"id":"austronesian","name":"Austronesian expansion","kind":"voyage","y0":-1975,"y1":-1950,"to":-1350,"last":false,"head":true,"rotate":115},"geometry":{"type":"Point","coordinates":[123.375,5.625]}},{"type":"Feature","properties":{"id":"austronesian","name":"Austronesian expansion","kind":"voyage","y0":-1950,"y1":-1925,"to":-1350,"last":false},"geometry":{"type":"LineString","coordinates":[[123.375,5.625],[122.813,4.438]]}},{"type":"Feature","properties":{"id":"austronesian","name":"Austronesian expansion","kind":"voyage","y0":-1950,"y1":-1925,"to":-1350,"last":false,"head":true,"rotate":115},"geometry":{"type":"Point","coordinates":[122.813,4.438]}},{"type":"Feature","properties":{"id":"austronesian","name":"Austronesian expansion","kind":"voyage","y0":-1925,"y1":-1900,"to":-1350,"last":false},"geometry":{"type":"LineString","coordinates":[[122.813,4.438],[122.25,3.25]]}},{"type":"Feature","properties":{"id":"austronesian","name":"Austronesian expansion","kind":"voyage","y0":-1925,"y1":-1900,"to":-1350,"last":false,"head":true,"rotate":115},"geometry":{"type":"Point","coordinates":[122.25,3.25]}},{"type":"Feature","properties":{"id":"austronesian","name":"Austronesian expansion","kind":"voyage","y0":-1900,"y1":-1875,"to":-1350,"last":false},"geometry":{"type":"LineString","coordinates":[[122.25,3.25],[121.688,2.063]]}},{"type":"Feature","properties":{"id":"austronesian","name":"Austronesian expansion","kind":"voyage","y0":-1900,"y1":-1875,"to":-1350,"last":false,"head":true,"rotate":115},"geometry":{"type":"Point","coordinates":[121.688,2.063]}},{"type":"Feature","properties":{"id":"austronesian","name":"Austronesian expansion","kind":"voyage","y0":-1875,"y1":-1850,"to":-1350,"last":false},"geometry":{"type":"LineString","coordinates":[[121.688,2.063],[121.125,0.875]]}},{"type":"Feature","properties":{"id":"austronesian","name":"Austronesian expansion","kind":"voyage","y0":-1875,"y1":-1850,"to":-1350,"last":false,"head":true,"rotate":115},"geometry":{"type":"Point","coordinates":[121.125,0.875]}},{"type":"Feature","properties":{"id":"austronesian","name":"Austronesian expansion","kind":"voyage","y0":-1850,"y1":-1825,"to":-1350,"last":false},"geometry":{"type":"LineString","coordinates":[[121.125,0.875],[120.563,-0.312]]}},{"type":"Feature","properties":{"id":"austronesian","name":"Austronesian expansion","kind":"voyage","y0":-1850,"y1":-1825,"to":-1350,"last":false,"head":true,"rotate":115},"geometry":{"type":"Point","coordinates":[120.563,-0.312]}},{"type":"Feature","properties":{"id":"austronesian","name":"Austronesian expansion","kind":"voyage","y0":-1825,"y1":-1800,"to":-1350,"last":false},"geometry":{"type":"LineString","coordinates":[[120.563,-0.312],[120,-1.5]]}},{"type":"Feature","properties":{"id":"austronesian","name":"Austronesian expansion","kind":"voyage","y0":-1825,"y1":-1800,"to":-1350,"last":false,"head":true,"rotate":115},"geometry":{"type":"Point","coordinates":[120,-1.5]}},{"type":"Feature","properties":{"id":"austronesian","name":"Austronesian expansion","kind":"voyage","y0":-1800,"y1":-1766.6666666666667,"to":-1350,"last":false},"geometry":{"type":"LineString","coordinates":[[120,-1.5],[121.333,-1.833]]}},{"type":"Feature","properties":{"id":"austronesian","name":"Austronesian expansion","kind":"voyage","y0":-1800,"y1":-1766.6666666666667,"to":-1350,"last":false,"head":true,"rotate":14},"geometry":{"type":"Point","coordinates":[121.333,-1.833]}},{"type":"Feature","properties":{"id":"austronesian","name":"Austronesian expansion","kind":"voyage","y0":-1766.6666666666667,"y1":-1733.3333333333333,"to":-1350,"last":false},"geometry":{"type":"LineString","coordinates":[[121.333,-1.833],[122.667,-2.167]]}},{"type":"Feature","properties":{"id":"austronesian","name":"Austronesian expansion","kind":"voyage","y0":-1766.6666666666667,"y1":-1733.3333333333333,"to":-1350,"last":false,"head":true,"rotate":14},"geometry":{"type":"Point","coordinates":[122.667,-2.167]}},{"type":"Feature","properties":{"id":"austronesian","name":"Austronesian expansion","kind":"voyage","y0":-1733.3333333333333,"y1":-1700,"to":-1350,"last":false},"geometry":{"type":"LineString","coordinates":[[122.667,-2.167],[124,-2.5]]}},{"type":"Feature","properties":{"id":"austronesian","name":"Austronesian expansion","kind":"voyage","y0":-1733.3333333333333,"y1":-1700,"to":-1350,"last":false,"head":true,"rotate":14},"geometry":{"type":"Point","coordinates":[124,-2.5]}},{"type":"Feature","properties":{"id":"austronesian","name":"Austronesian expansion","kind":"voyage","y0":-1700,"y1":-1666.6666666666667,"to":-1350,"last":false},"geometry":{"type":"LineString","coordinates":[[124,-2.5],[125.333,-2.833]]}},{"type":"Feature","properties":{"id":"austronesian","name":"Austronesian expansion","kind":"voyage","y0":-1700,"y1":-1666.6666666666667,"to":-1350,"last":false,"head":true,"rotate":14},"geometry":{"type":"Point","coordinates":[125.333,-2.833]}},{"type":"Feature","properties":{"id":"austronesian","name":"Austronesian expansion","kind":"voyage","y0":-1666.6666666666667,"y1":-1633.3333333333333,"to":-1350,"last":false},"geometry":{"type":"LineString","coordinates":[[125.333,-2.833],[126.667,-3.167]]}},{"type":"Feature","properties":{"id":"austronesian","name":"Austronesian expansion","kind":"voyage","y0":-1666.6666666666667,"y1":-1633.3333333333333,"to":-1350,"last":false,"head":true,"rotate":14},"geometry":{"type":"Point","coordinates":[126.667,-3.167]}},{"type":"Feature","properties":{"id":"austronesian","name":"Austronesian expansion","kind":"voyage","y0":-1633.3333333333333,"y1":-1600,"to":-1350,"last":false},"geometry":{"type":"LineString","coordinates":[[126.667,-3.167],[128,-3.5]]}},{"type":"Feature","properties":{"id":"austronesian","name":"Austronesian expansion","kind":"voyage","y0":-1633.3333333333333,"y1":-1600,"to":-1350,"last":false,"head":true,"rotate":14},"geometry":{"type":"Point","coordinates":[128,-3.5]}},{"type":"Feature","properties":{"id":"austronesian","name":"Austronesian expansion","kind":"voyage","y0":-1600,"y1":-1583.3333333333333,"to":-1350,"last":false},"geometry":{"type":"LineString","coordinates":[[128,-3.5],[129.467,-3.533]]}},{"type":"Feature","properties":{"id":"austronesian","name":"Austronesian expansion","kind":"voyage","y0":-1600,"y1":-1583.3333333333333,"to":-1350,"last":false,"head":true,"rotate":1},"geometry":{"type":"Point","coordinates":[129.467,-3.533]}},{"type":"Feature","properties":{"id":"austronesian","name":"Austronesian expansion","kind":"voyage","y0":-1583.3333333333333,"y1":-1566.6666666666667,"to":-1350,"last":false},"geometry":{"type":"LineString","coordinates":[[129.467,-3.533],[130.933,-3.567]]}},{"type":"Feature","properties":{"id":"austronesian","name":"Austronesian expansion","kind":"voyage","y0":-1583.3333333333333,"y1":-1566.6666666666667,"to":-1350,"last":false,"head":true,"rotate":1},"geometry":{"type":"Point","coordinates":[130.933,-3.567]}},{"type":"Feature","properties":{"id":"austronesian","name":"Austronesian expansion","kind":"voyage","y0":-1566.6666666666667,"y1":-1550,"to":-1350,"last":false},"geometry":{"type":"LineString","coordinates":[[130.933,-3.567],[132.4,-3.6]]}},{"type":"Feature","properties":{"id":"austronesian","name":"Austronesian expansion","kind":"voyage","y0":-1566.6666666666667,"y1":-1550,"to":-1350,"last":false,"head":true,"rotate":1},"geometry":{"type":"Point","coordinates":[132.4,-3.6]}},{"type":"Feature","properties":{"id":"austronesian","name":"Austronesian expansion","kind":"voyage","y0":-1550,"y1":-1533.3333333333333,"to":-1350,"last":false},"geometry":{"type":"LineString","coordinates":[[132.4,-3.6],[133.867,-3.633]]}},{"type":"Feature","properties":{"id":"austronesian","name":"Austronesian expansion","kind":"voyage","y0":-1550,"y1":-1533.3333333333333,"to":-1350,"last":false,"head":true,"rotate":1},"geometry":{"type":"Point","coordinates":[133.867,-3.633]}},{"type":"Feature","properties":{"id":"austronesian","name":"Austronesian expansion","kind":"voyage","y0":-1533.3333333333333,"y1":-1516.6666666666667,"to":-1350,"last":false},"geometry":{"type":"LineString","coordinates":[[133.867,-3.633],[135.333,-3.667]]}},{"type":"Feature","properties":{"id":"austronesian","name":"Austronesian expansion","kind":"voyage","y0":-1533.3333333333333,"y1":-1516.6666666666667,"to":-1350,"last":false,"head":true,"rotate":1},"geometry":{"type":"Point","coordinates":[135.333,-3.667]}},{"type":"Feature","properties":{"id":"austronesian","name":"Austronesian expansion","kind":"voyage","y0":-1516.6666666666667,"y1":-1500,"to":-1350,"last":false},"geometry":{"type":"LineString","coordinates":[[135.333,-3.667],[136.8,-3.7]]}},{"type":"Feature","properties":{"id":"austronesian","name":"Austronesian expansion","kind":"voyage","y0":-1516.6666666666667,"y1":-1500,"to":-1350,"last":false,"head":true,"rotate":1},"geometry":{"type":"Point","coordinates":[136.8,-3.7]}},{"type":"Feature","properties":{"id":"austronesian","name":"Austronesian expansion","kind":"voyage","y0":-1500,"y1":-1483.3333333333333,"to":-1350,"last":false},"geometry":{"type":"LineString","coordinates":[[136.8,-3.7],[138.267,-3.733]]}},{"type":"Feature","properties":{"id":"austronesian","name":"Austronesian expansion","kind":"voyage","y0":-1500,"y1":-1483.3333333333333,"to":-1350,"last":false,"head":true,"rotate":1},"geometry":{"type":"Point","coordinates":[138.267,-3.733]}},{"type":"Feature","properties":{"id":"austronesian","name":"Austronesian expansion","kind":"voyage","y0":-1483.3333333333333,"y1":-1466.6666666666667,"to":-1350,"last":false},"geometry":{"type":"LineString","coordinates":[[138.267,-3.733],[139.733,-3.767]]}},{"type":"Feature","properties":{"id":"austronesian","name":"Austronesian expansion","kind":"voyage","y0":-1483.3333333333333,"y1":-1466.6666666666667,"to":-1350,"last":false,"head":true,"rotate":1},"geometry":{"type":"Point","coordinates":[139.733,-3.767]}},{"type":"Feature","properties":{"id":"austronesian","name":"Austronesian expansion","kind":"voyage","y0":-1466.6666666666667,"y1":-1450,"to":-1350,"last":false},"geometry":{"type":"LineString","coordinates":[[139.733,-3.767],[141.2,-3.8]]}},{"type":"Feature","properties":{"id":"austronesian","name":"Austronesian expansion","kind":"voyage","y0":-1466.6666666666667,"y1":-1450,"to":-1350,"last":false,"head":true,"rotate":1},"geometry":{"type":"Point","coordinates":[141.2,-3.8]}},{"type":"Feature","properties":{"id":"austronesian","name":"Austronesian expansion","kind":"voyage","y0":-1450,"y1":-1433.3333333333333,"to":-1350,"last":false},"geometry":{"type":"LineString","coordinates":[[141.2,-3.8],[142.667,-3.833]]}},{"type":"Feature","properties":{"id":"austronesian","name":"Austronesian expansion","kind":"voyage","y0":-1450,"y1":-1433.3333333333333,"to":-1350,"last":false,"head":true,"rotate":1},"geometry":{"type":"Point","coordinates":[142.667,-3.833]}},{"type":"Feature","properties":{"id":"austronesian","name":"Austronesian expansion","kind":"voyage","y0":-1433.3333333333333,"y1":-1416.6666666666667,"to":-1350,"last":false},"geometry":{"type":"LineString","coordinates":[[142.667,-3.833],[144.133,-3.867]]}},{"type":"Feature","properties":{"id":"austronesian","name":"Austronesian expansion","kind":"voyage","y0":-1433.3333333333333,"y1":-1416.6666666666667,"to":-1350,"last":false,"head":true,"rotate":1},"geometry":{"type":"Point","coordinates":[144.133,-3.867]}},{"type":"Feature","properties":{"id":"austronesian","name":"Austronesian expansion","kind":"voyage","y0":-1416.6666666666667,"y1":-1400,"to":-1350,"last":false},"geometry":{"type":"LineString","coordinates":[[144.133,-3.867],[145.6,-3.9]]}},{"type":"Feature","properties":{"id":"austronesian","name":"Austronesian expansion","kind":"voyage","y0":-1416.6666666666667,"y1":-1400,"to":-1350,"last":false,"head":true,"rotate":1},"geometry":{"type":"Point","coordinates":[145.6,-3.9]}},{"type":"Feature","properties":{"id":"austronesian","name":"Austronesian expansion","kind":"voyage","y0":-1400,"y1":-1383.3333333333333,"to":-1350,"last":false},"geometry":{"type":"LineString","coordinates":[[145.6,-3.9],[147.067,-3.933]]}},{"type":"Feature","properties":{"id":"austronesian","name":"Austronesian expansion","kind":"voyage","y0":-1400,"y1":-1383.3333333333333,"to":-1350,"last":false,"head":true,"rotate":1},"geometry":{"type":"Point","coordinates":[147.067,-3.933]}},{"type":"Feature","properties":{"id":"austronesian","name":"Austronesian expansion","kind":"voyage","y0":-1383.3333333333333,"y1":-1366.6666666666667,"to":-1350,"last":false},"geometry":{"type":"LineString","coordinates":[[147.067,-3.933],[148.533,-3.967]]}},{"type":"Feature","properties":{"id":"austronesian","name":"Austronesian expansion","kind":"voyage","y0":-1383.3333333333333,"y1":-1366.6666666666667,"to":-1350,"last":false,"head":true,"rotate":1},"geometry":{"type":"Point","coordinates":[148.533,-3.967]}},{"type":"Feature","properties":{"id":"austronesian","name":"Austronesian expansion","kind":"voyage","y0":-1366.6666666666667,"y1":-1350,"to":-1350,"last":true},"geometry":{"type":"LineString","coordinates":[[148.533,-3.967],[150,-4]]}},{"type":"Feature","properties":{"id":"austronesian","name":"Austronesian expansion","kind":"voyage","y0":-1366.6666666666667,"y1":-1350,"to":-1350,"last":true,"head":true,"rotate":1},"geometry":{"type":"Point","coordinates":[150,-4]}},{"type":"Feature","properties":{"id":"lapita","name":"Lapita voyages into Remote Oceania","kind":"voyage","y0":-1350,"y1":-1329.1666666666667,"to":-800,"last":false},"geometry":{"type":"LineString","coordinates":[[150,-4],[151.333,-4.558]]}},{"type":"Feature","properties":{"id":"lapita","name":"Lapita voyages into Remote Oceania","kind":"voyage","y0":-1350,"y1":-1329.1666666666667,"to":-800,"last":false,"head":true,"rotate":23},"geometry":{"type":"Point","coordinates":[151.333,-4.558]}},{"type":"Feature","properties":{"id":"lapita","name":"Lapita voyages into Remote Oceania","kind":"voyage","y0":-1329.1666666666667,"y1":-1308.3333333333333,"to":-800,"last":false},"geometry":{"type":"LineString","coordinates":[[151.333,-4.558],[152.667,-5.117]]}},{"type":"Feature","properties":{"id":"lapita","name":"Lapita voyages into Remote Oceania","kind":"voyage","y0":-1329.1666666666667,"y1":-1308.3333333333333,"to":-800,"last":false,"head":true,"rotate":23},"geometry":{"type":"Point","coordinates":[152.667,-5.117]}},{"type":"Feature","properties":{"id":"lapita","name":"Lapita voyages into Remote Oceania","kind":"voyage","y0":-1308.3333333333333,"y1":-1287.5,"to":-800,"last":false},"geometry":{"type":"LineString","coordinates":[[152.667,-5.117],[154,-5.675]]}},{"type":"Feature","properties":{"id":"lapita","name":"Lapita voyages into Remote Oceania","kind":"voyage","y0":-1308.3333333333333,"y1":-1287.5,"to":-800,"last":false,"head":true,"rotate":23},"geometry":{"type":"Point","coordinates":[154,-5.675]}},{"type":"Feature","properties":{"id":"lapita","name":"Lapita voyages into Remote Oceania","kind":"voyage","y0":-1287.5,"y1":-1266.6666666666667,"to":-800,"last":false},"geometry":{"type":"LineString","coordinates":[[154,-5.675],[155.333,-6.233]]}},{"type":"Feature","properties":{"id":"lapita","name":"Lapita voyages into Remote Oceania","kind":"voyage","y0":-1287.5,"y1":-1266.6666666666667,"to":-800,"last":false,"head":true,"rotate":23},"geometry":{"type":"Point","coordinates":[155.333,-6.233]}},{"type":"Feature","properties":{"id":"lapita","name":"Lapita voyages into Remote Oceania","kind":"voyage","y0":-1266.6666666666667,"y1":-1245.8333333333333,"to":-800,"last":false},"geometry":{"type":"LineString","coordinates":[[155.333,-6.233],[156.667,-6.792]]}},{"type":"Feature","properties":{"id":"lapita","name":"Lapita voyages into Remote Oceania","kind":"voyage","y0":-1266.6666666666667,"y1":-1245.8333333333333,"to":-800,"last":false,"head":true,"rotate":23},"geometry":{"type":"Point","coordinates":[156.667,-6.792]}},{"type":"Feature","properties":{"id":"lapita","name":"Lapita voyages into Remote Oceania","kind":"voyage","y0":-1245.8333333333333,"y1":-1225,"to":-800,"last":false},"geometry":{"type":"LineString","coordinates":[[156.667,-6.792],[158,-7.35]]}},{"type":"Feature","properties":{"id":"lapita","name":"Lapita voyages into Remote Oceania","kind":"voyage","y0":-1245.8333333333333,"y1":-1225,"to":-800,"last":false,"head":true,"rotate":23},"geometry":{"type":"Point","coordinates":[158,-7.35]}},{"type":"Feature","properties":{"id":"lapita","name":"Lapita voyages into Remote Oceania","kind":"voyage","y0":-1225,"y1":-1204.1666666666667,"to":-800,"last":false},"geometry":{"type":"LineString","coordinates":[[158,-7.35],[159.333,-7.908]]}},{"type":"Feature","properties":{"id":"lapita","name":"Lapita voyages into Remote Oceania","kind":"voyage","y0":-1225,"y1":-1204.1666666666667,"to":-800,"last":false,"head":true,"rotate":23},"geometry":{"type":"Point","coordinates":[159.333,-7.908]}},{"type":"Feature","properties":{"id":"lapita","name":"Lapita voyages into Remote Oceania","kind":"voyage","y0":-1204.1666666666667,"y1":-1183.3333333333333,"to":-800,"last":false},"geometry":{"type":"LineString","coordinates":[[159.333,-7.908],[160.667,-8.467]]}},{"type":"Feature","properties":{"id":"lapita","name":"Lapita voyages into Remote Oceania","kind":"voyage","y0":-1204.1666666666667,"y1":-1183.3333333333333,"to":-800,"last":false,"head":true,"rotate":23},"geometry":{"type":"Point","coordinates":[160.667,-8.467]}},{"type":"Feature","properties":{"id":"lapita","name":"Lapita voyages into Remote Oceania","kind":"voyage","y0":-1183.3333333333333,"y1":-1162.5,"to":-800,"last":false},"geometry":{"type":"LineString","coordinates":[[160.667,-8.467],[162,-9.025]]}},{"type":"Feature","properties":{"id":"lapita","name":"Lapita voyages into Remote Oceania","kind":"voyage","y0":-1183.3333333333333,"y1":-1162.5,"to":-800,"last":false,"head":true,"rotate":23},"geometry":{"type":"Point","coordinates":[162,-9.025]}},{"type":"Feature","properties":{"id":"lapita","name":"Lapita voyages into Remote Oceania","kind":"voyage","y0":-1162.5,"y1":-1141.6666666666667,"to":-800,"last":false},"geometry":{"type":"LineString","coordinates":[[162,-9.025],[163.333,-9.583]]}},{"type":"Feature","properties":{"id":"lapita","name":"Lapita voyages into Remote Oceania","kind":"voyage","y0":-1162.5,"y1":-1141.6666666666667,"to":-800,"last":false,"head":true,"rotate":23},"geometry":{"type":"Point","coordinates":[163.333,-9.583]}},{"type":"Feature","properties":{"id":"lapita","name":"Lapita voyages into Remote Oceania","kind":"voyage","y0":-1141.6666666666667,"y1":-1120.8333333333333,"to":-800,"last":false},"geometry":{"type":"LineString","coordinates":[[163.333,-9.583],[164.667,-10.142]]}},{"type":"Feature","properties":{"id":"lapita","name":"Lapita voyages into Remote Oceania","kind":"voyage","y0":-1141.6666666666667,"y1":-1120.8333333333333,"to":-800,"last":false,"head":true,"rotate":23},"geometry":{"type":"Point","coordinates":[164.667,-10.142]}},{"type":"Feature","properties":{"id":"lapita","name":"Lapita voyages into Remote Oceania","kind":"voyage","y0":-1120.8333333333333,"y1":-1100,"to":-800,"last":false},"geometry":{"type":"LineString","coordinates":[[164.667,-10.142],[166,-10.7]]}},{"type":"Feature","properties":{"id":"lapita","name":"Lapita voyages into Remote Oceania","kind":"voyage","y0":-1120.8333333333333,"y1":-1100,"to":-800,"last":false,"head":true,"rotate":23},"geometry":{"type":"Point","coordinates":[166,-10.7]}},{"type":"Feature","properties":{"id":"lapita","name":"Lapita voyages into Remote Oceania","kind":"voyage","y0":-1100,"y1":-1087.5,"to":-800,"last":false},"geometry":{"type":"LineString","coordinates":[[166,-10.7],[166.375,-12.025]]}},{"type":"Feature","properties":{"id":"lapita","name":"Lapita voyages into Remote Oceania","kind":"voyage","y0":-1100,"y1":-1087.5,"to":-800,"last":false,"head":true,"rotate":74},"geometry":{"type":"Point","coordinates":[166.375,-12.025]}},{"type":"Feature","properties":{"id":"lapita","name":"Lapita voyages into Remote Oceania","kind":"voyage","y0":-1087.5,"y1":-1075,"to":-800,"last":false},"geometry":{"type":"LineString","coordinates":[[166.375,-12.025],[166.75,-13.35]]}},{"type":"Feature","properties":{"id":"lapita","name":"Lapita voyages into Remote Oceania","kind":"voyage","y0":-1087.5,"y1":-1075,"to":-800,"last":false,"head":true,"rotate":75},"geometry":{"type":"Point","coordinates":[166.75,-13.35]}},{"type":"Feature","properties":{"id":"lapita","name":"Lapita voyages into Remote Oceania","kind":"voyage","y0":-1075,"y1":-1062.5,"to":-800,"last":false},"geometry":{"type":"LineString","coordinates":[[166.75,-13.35],[167.125,-14.675]]}},{"type":"Feature","properties":{"id":"lapita","name":"Lapita voyages into Remote Oceania","kind":"voyage","y0":-1075,"y1":-1062.5,"to":-800,"last":false,"head":true,"rotate":75},"geometry":{"type":"Point","coordinates":[167.125,-14.675]}},{"type":"Feature","properties":{"id":"lapita","name":"Lapita voyages into Remote Oceania","kind":"voyage","y0":-1062.5,"y1":-1050,"to":-800,"last":false},"geometry":{"type":"LineString","coordinates":[[167.125,-14.675],[167.5,-16]]}},{"type":"Feature","properties":{"id":"lapita","name":"Lapita voyages into Remote Oceania","kind":"voyage","y0":-1062.5,"y1":-1050,"to":-800,"last":false,"head":true,"rotate":75},"geometry":{"type":"Point","coordinates":[167.5,-16]}},{"type":"Feature","properties":{"id":"lapita","name":"Lapita voyages into Remote Oceania","kind":"voyage","y0":-1050,"y1":-1043.75,"to":-800,"last":false},"geometry":{"type":"LineString","coordinates":[[167.5,-16],[168.813,-16.25]]}},{"type":"Feature","properties":{"id":"lapita","name":"Lapita voyages into Remote Oceania","kind":"voyage","y0":-1050,"y1":-1043.75,"to":-800,"last":false,"head":true,"rotate":11},"geometry":{"type":"Point","coordinates":[168.813,-16.25]}},{"type":"Feature","properties":{"id":"lapita","name":"Lapita voyages into Remote Oceania","kind":"voyage","y0":-1043.75,"y1":-1037.5,"to":-800,"last":false},"geometry":{"type":"LineString","coordinates":[[168.813,-16.25],[170.125,-16.5]]}},{"type":"Feature","properties":{"id":"lapita","name":"Lapita voyages into Remote Oceania","kind":"voyage","y0":-1043.75,"y1":-1037.5,"to":-800,"last":false,"head":true,"rotate":11},"geometry":{"type":"Point","coordinates":[170.125,-16.5]}},{"type":"Feature","properties":{"id":"lapita","name":"Lapita voyages into Remote Oceania","kind":"voyage","y0":-1037.5,"y1":-1031.25,"to":-800,"last":false},"geometry":{"type":"LineString","coordinates":[[170.125,-16.5],[171.438,-16.75]]}},{"type":"Feature","properties":{"id":"lapita","name":"Lapita voyages into Remote Oceania","kind":"voyage","y0":-1037.5,"y1":-1031.25,"to":-800,"last":false,"head":true,"rotate":11},"geometry":{"type":"Point","coordinates":[171.438,-16.75]}},{"type":"Feature","properties":{"id":"lapita","name":"Lapita voyages into Remote Oceania","kind":"voyage","y0":-1031.25,"y1":-1025,"to":-800,"last":false},"geometry":{"type":"LineString","coordinates":[[171.438,-16.75],[172.75,-17]]}},{"type":"Feature","properties":{"id":"lapita","name":"Lapita voyages into Remote Oceania","kind":"voyage","y0":-1031.25,"y1":-1025,"to":-800,"last":false,"head":true,"rotate":11},"geometry":{"type":"Point","coordinates":[172.75,-17]}},{"type":"Feature","properties":{"id":"lapita","name":"Lapita voyages into Remote Oceania","kind":"voyage","y0":-1025,"y1":-1018.75,"to":-800,"last":false},"geometry":{"type":"LineString","coordinates":[[172.75,-17],[174.063,-17.25]]}},{"type":"Feature","properties":{"id":"lapita","name":"Lapita voyages into Remote Oceania","kind":"voyage","y0":-1025,"y1":-1018.75,"to":-800,"last":false,"head":true,"rotate":11},"geometry":{"type":"Point","coordinates":[174.063,-17.25]}},{"type":"Feature","properties":{"id":"lapita","name":"Lapita voyages into Remote Oceania","kind":"voyage","y0":-1018.75,"y1":-1012.5,"to":-800,"last":false},"geometry":{"type":"LineString","coordinates":[[174.063,-17.25],[175.375,-17.5]]}},{"type":"Feature","properties":{"id":"lapita","name":"Lapita voyages into Remote Oceania","kind":"voyage","y0":-1018.75,"y1":-1012.5,"to":-800,"last":false,"head":true,"rotate":11},"geometry":{"type":"Point","coordinates":[175.375,-17.5]}},{"type":"Feature","properties":{"id":"lapita","name":"Lapita voyages into Remote Oceania","kind":"voyage","y0":-1012.5,"y1":-1006.25,"to":-800,"last":false},"geometry":{"type":"LineString","coordinates":[[175.375,-17.5],[176.688,-17.75]]}},{"type":"Feature","properties":{"id":"lapita","name":"Lapita voyages into Remote Oceania","kind":"voyage","y0":-1012.5,"y1":-1006.25,"to":-800,"last":false,"head":true,"rotate":11},"geometry":{"type":"Point","coordinates":[176.688,-17.75]}},{"type":"Feature","properties":{"id":"lapita","name":"Lapita voyages into Remote Oceania","kind":"voyage","y0":-1006.25,"y1":-1000,"to":-800,"last":false},"geometry":{"type":"LineString","coordinates":[[176.688,-17.75],[178,-18]]}},{"type":"Feature","properties":{"id":"lapita","name":"Lapita voyages into Remote Oceania","kind":"voyage","y0":-1006.25,"y1":-1000,"to":-800,"last":false,"head":true,"rotate":11},"geometry":{"type":"Point","coordinates":[178,-18]}},{"type":"Feature","properties":{"id":"lapita","name":"Lapita voyages into Remote Oceania","kind":"voyage","y0":-1000,"y1":-970,"to":-800,"last":false},"geometry":{"type":"LineString","coordinates":[[178,-18],[179.36,-18.62]]}},{"type":"Feature","properties":{"id":"lapita","name":"Lapita voyages into Remote Oceania","kind":"voyage","y0":-1000,"y1":-970,"to":-800,"last":false,"head":true,"rotate":26},"geometry":{"type":"Point","coordinates":[179.36,-18.62]}},{"type":"Feature","properties":{"id":"lapita","name":"Lapita voyages into Remote Oceania","kind":"voyage","y0":-970,"y1":-940,"to":-800,"last":false},"geometry":{"type":"LineString","coordinates":[[179.36,-18.62],[180.72,-19.24]]}},{"type":"Feature","properties":{"id":"lapita","name":"Lapita voyages into Remote Oceania","kind":"voyage","y0":-970,"y1":-940,"to":-800,"last":false,"head":true,"rotate":26},"geometry":{"type":"Point","coordinates":[180.72,-19.24]}},{"type":"Feature","properties":{"id":"lapita","name":"Lapita voyages into Remote Oceania","kind":"voyage","y0":-940,"y1":-910,"to":-800,"last":false},"geometry":{"type":"LineString","coordinates":[[180.72,-19.24],[182.08,-19.86]]}},{"type":"Feature","properties":{"id":"lapita","name":"Lapita voyages into Remote Oceania","kind":"voyage","y0":-940,"y1":-910,"to":-800,"last":false,"head":true,"rotate":26},"geometry":{"type":"Point","coordinates":[182.08,-19.86]}},{"type":"Feature","properties":{"id":"lapita","name":"Lapita voyages into Remote Oceania","kind":"voyage","y0":-910,"y1":-880,"to":-800,"last":false},"geometry":{"type":"LineString","coordinates":[[182.08,-19.86],[183.44,-20.48]]}},{"type":"Feature","properties":{"id":"lapita","name":"Lapita voyages into Remote Oceania","kind":"voyage","y0":-910,"y1":-880,"to":-800,"last":false,"head":true,"rotate":26},"geometry":{"type":"Point","coordinates":[183.44,-20.48]}},{"type":"Feature","properties":{"id":"lapita","name":"Lapita voyages into Remote Oceania","kind":"voyage","y0":-880,"y1":-850,"to":-800,"last":false},"geometry":{"type":"LineString","coordinates":[[183.44,-20.48],[184.8,-21.1]]}},{"type":"Feature","properties":{"id":"lapita","name":"Lapita voyages into Remote Oceania","kind":"voyage","y0":-880,"y1":-850,"to":-800,"last":false,"head":true,"rotate":26},"geometry":{"type":"Point","coordinates":[184.8,-21.1]}},{"type":"Feature","properties":{"id":"lapita","name":"Lapita voyages into Remote Oceania","kind":"voyage","y0":-850,"y1":-841.6666666666666,"to":-800,"last":false},"geometry":{"type":"LineString","coordinates":[[184.8,-21.1],[185.333,-19.883]]}},{"type":"Feature","properties":{"id":"lapita","name":"Lapita voyages into Remote Oceania","kind":"voyage","y0":-850,"y1":-841.6666666666666,"to":-800,"last":false,"head":true,"rotate":-68},"geometry":{"type":"Point","coordinates":[185.333,-19.883]}},{"type":"Feature","properties":{"id":"lapita","name":"Lapita voyages into Remote Oceania","kind":"voyage","y0":-841.6666666666666,"y1":-833.3333333333334,"to":-800,"last":false},"geometry":{"type":"LineString","coordinates":[[185.333,-19.883],[185.867,-18.667]]}},{"type":"Feature","properties":{"id":"lapita","name":"Lapita voyages into Remote Oceania","kind":"voyage","y0":-841.6666666666666,"y1":-833.3333333333334,"to":-800,"last":false,"head":true,"rotate":-68},"geometry":{"type":"Point","coordinates":[185.867,-18.667]}},{"type":"Feature","properties":{"id":"lapita","name":"Lapita voyages into Remote Oceania","kind":"voyage","y0":-833.3333333333334,"y1":-825,"to":-800,"last":false},"geometry":{"type":"LineString","coordinates":[[185.867,-18.667],[186.4,-17.45]]}},{"type":"Feature","properties":{"id":"lapita","name":"Lapita voyages into Remote Oceania","kind":"voyage","y0":-833.3333333333334,"y1":-825,"to":-800,"last":false,"head":true,"rotate":-67},"geometry":{"type":"Point","coordinates":[186.4,-17.45]}},{"type":"Feature","properties":{"id":"lapita","name":"Lapita voyages into Remote Oceania","kind":"voyage","y0":-825,"y1":-816.6666666666666,"to":-800,"last":false},"geometry":{"type":"LineString","coordinates":[[186.4,-17.45],[186.933,-16.233]]}},{"type":"Feature","properties":{"id":"lapita","name":"Lapita voyages into Remote Oceania","kind":"voyage","y0":-825,"y1":-816.6666666666666,"to":-800,"last":false,"head":true,"rotate":-67},"geometry":{"type":"Point","coordinates":[186.933,-16.233]}},{"type":"Feature","properties":{"id":"lapita","name":"Lapita voyages into Remote Oceania","kind":"voyage","y0":-816.6666666666666,"y1":-808.3333333333334,"to":-800,"last":false},"geometry":{"type":"LineString","coordinates":[[186.933,-16.233],[187.467,-15.017]]}},{"type":"Feature","properties":{"id":"lapita","name":"Lapita voyages into Remote Oceania","kind":"voyage","y0":-816.6666666666666,"y1":-808.3333333333334,"to":-800,"last":false,"head":true,"rotate":-67},"geometry":{"type":"Point","coordinates":[187.467,-15.017]}},{"type":"Feature","properties":{"id":"lapita","name":"Lapita voyages into Remote Oceania","kind":"voyage","y0":-808.3333333333334,"y1":-800,"to":-800,"last":true},"geometry":{"type":"LineString","coordinates":[[187.467,-15.017],[188,-13.8]]}},{"type":"Feature","properties":{"id":"lapita","name":"Lapita voyages into Remote Oceania","kind":"voyage","y0":-808.3333333333334,"y1":-800,"to":-800,"last":true,"head":true,"rotate":-67},"geometry":{"type":"Point","coordinates":[188,-13.8]}},{"type":"Feature","properties":{"id":"east-polynesia","name":"Into East Polynesia","kind":"voyage","y0":900,"y1":910,"to":1025,"last":false},"geometry":{"type":"LineString","coordinates":[[188,-13.8],[189.22,-14.54]]}},{"type":"Feature","properties":{"id":"east-polynesia","name":"Into East Polynesia","kind":"voyage","y0":900,"y1":910,"to":1025,"last":false,"head":true,"rotate":32},"geometry":{"type":"Point","coordinates":[189.22,-14.54]}},{"type":"Feature","properties":{"id":"east-polynesia","name":"Into East Polynesia","kind":"voyage","y0":910,"y1":920,"to":1025,"last":false},"geometry":{"type":"LineString","coordinates":[[189.22,-14.54],[190.44,-15.28]]}},{"type":"Feature","properties":{"id":"east-polynesia","name":"Into East Polynesia","kind":"voyage","y0":910,"y1":920,"to":1025,"last":false,"head":true,"rotate":32},"geometry":{"type":"Point","coordinates":[190.44,-15.28]}},{"type":"Feature","properties":{"id":"east-polynesia","name":"Into East Polynesia","kind":"voyage","y0":920,"y1":930,"to":1025,"last":false},"geometry":{"type":"LineString","coordinates":[[190.44,-15.28],[191.66,-16.02]]}},{"type":"Feature","properties":{"id":"east-polynesia","name":"Into East Polynesia","kind":"voyage","y0":920,"y1":930,"to":1025,"last":false,"head":true,"rotate":32},"geometry":{"type":"Point","coordinates":[191.66,-16.02]}},{"type":"Feature","properties":{"id":"east-polynesia","name":"Into East Polynesia","kind":"voyage","y0":930,"y1":940,"to":1025,"last":false},"geometry":{"type":"LineString","coordinates":[[191.66,-16.02],[192.88,-16.76]]}},{"type":"Feature","properties":{"id":"east-polynesia","name":"Into East Polynesia","kind":"voyage","y0":930,"y1":940,"to":1025,"last":false,"head":true,"rotate":32},"geometry":{"type":"Point","coordinates":[192.88,-16.76]}},{"type":"Feature","properties":{"id":"east-polynesia","name":"Into East Polynesia","kind":"voyage","y0":940,"y1":950,"to":1025,"last":false},"geometry":{"type":"LineString","coordinates":[[192.88,-16.76],[194.1,-17.5]]}},{"type":"Feature","properties":{"id":"east-polynesia","name":"Into East Polynesia","kind":"voyage","y0":940,"y1":950,"to":1025,"last":false,"head":true,"rotate":32},"geometry":{"type":"Point","coordinates":[194.1,-17.5]}},{"type":"Feature","properties":{"id":"east-polynesia","name":"Into East Polynesia","kind":"voyage","y0":950,"y1":960,"to":1025,"last":false},"geometry":{"type":"LineString","coordinates":[[194.1,-17.5],[195.32,-18.24]]}},{"type":"Feature","properties":{"id":"east-polynesia","name":"Into East Polynesia","kind":"voyage","y0":950,"y1":960,"to":1025,"last":false,"head":true,"rotate":33},"geometry":{"type":"Point","coordinates":[195.32,-18.24]}},{"type":"Feature","properties":{"id":"east-polynesia","name":"Into East Polynesia","kind":"voyage","y0":960,"y1":970,"to":1025,"last":false},"geometry":{"type":"LineString","coordinates":[[195.32,-18.24],[196.54,-18.98]]}},{"type":"Feature","properties":{"id":"east-polynesia","name":"Into East Polynesia","kind":"voyage","y0":960,"y1":970,"to":1025,"last":false,"head":true,"rotate":33},"geometry":{"type":"Point","coordinates":[196.54,-18.98]}},{"type":"Feature","properties":{"id":"east-polynesia","name":"Into East Polynesia","kind":"voyage","y0":970,"y1":980,"to":1025,"last":false},"geometry":{"type":"LineString","coordinates":[[196.54,-18.98],[197.76,-19.72]]}},{"type":"Feature","properties":{"id":"east-polynesia","name":"Into East Polynesia","kind":"voyage","y0":970,"y1":980,"to":1025,"last":false,"head":true,"rotate":33},"geometry":{"type":"Point","coordinates":[197.76,-19.72]}},{"type":"Feature","properties":{"id":"east-polynesia","name":"Into East Polynesia","kind":"voyage","y0":980,"y1":990,"to":1025,"last":false},"geometry":{"type":"LineString","coordinates":[[197.76,-19.72],[198.98,-20.46]]}},{"type":"Feature","properties":{"id":"east-polynesia","name":"Into East Polynesia","kind":"voyage","y0":980,"y1":990,"to":1025,"last":false,"head":true,"rotate":33},"geometry":{"type":"Point","coordinates":[198.98,-20.46]}},{"type":"Feature","properties":{"id":"east-polynesia","name":"Into East Polynesia","kind":"voyage","y0":990,"y1":1000,"to":1025,"last":false},"geometry":{"type":"LineString","coordinates":[[198.98,-20.46],[200.2,-21.2]]}},{"type":"Feature","properties":{"id":"east-polynesia","name":"Into East Polynesia","kind":"voyage","y0":990,"y1":1000,"to":1025,"last":false,"head":true,"rotate":33},"geometry":{"type":"Point","coordinates":[200.2,-21.2]}},{"type":"Feature","properties":{"id":"east-polynesia","name":"Into East Polynesia","kind":"voyage","y0":1000,"y1":1003.125,"to":1025,"last":false},"geometry":{"type":"LineString","coordinates":[[200.2,-21.2],[201.487,-20.737]]}},{"type":"Feature","properties":{"id":"east-polynesia","name":"Into East Polynesia","kind":"voyage","y0":1000,"y1":1003.125,"to":1025,"last":false,"head":true,"rotate":-21},"geometry":{"type":"Point","coordinates":[201.487,-20.737]}},{"type":"Feature","properties":{"id":"east-polynesia","name":"Into East Polynesia","kind":"voyage","y0":1003.125,"y1":1006.25,"to":1025,"last":false},"geometry":{"type":"LineString","coordinates":[[201.487,-20.737],[202.775,-20.275]]}},{"type":"Feature","properties":{"id":"east-polynesia","name":"Into East Polynesia","kind":"voyage","y0":1003.125,"y1":1006.25,"to":1025,"last":false,"head":true,"rotate":-21},"geometry":{"type":"Point","coordinates":[202.775,-20.275]}},{"type":"Feature","properties":{"id":"east-polynesia","name":"Into East Polynesia","kind":"voyage","y0":1006.25,"y1":1009.375,"to":1025,"last":false},"geometry":{"type":"LineString","coordinates":[[202.775,-20.275],[204.063,-19.812]]}},{"type":"Feature","properties":{"id":"east-polynesia","name":"Into East Polynesia","kind":"voyage","y0":1006.25,"y1":1009.375,"to":1025,"last":false,"head":true,"rotate":-21},"geometry":{"type":"Point","coordinates":[204.063,-19.812]}},{"type":"Feature","properties":{"id":"east-polynesia","name":"Into East Polynesia","kind":"voyage","y0":1009.375,"y1":1012.5,"to":1025,"last":false},"geometry":{"type":"LineString","coordinates":[[204.063,-19.812],[205.35,-19.35]]}},{"type":"Feature","properties":{"id":"east-polynesia","name":"Into East Polynesia","kind":"voyage","y0":1009.375,"y1":1012.5,"to":1025,"last":false,"head":true,"rotate":-21},"geometry":{"type":"Point","coordinates":[205.35,-19.35]}},{"type":"Feature","properties":{"id":"east-polynesia","name":"Into East Polynesia","kind":"voyage","y0":1012.5,"y1":1015.625,"to":1025,"last":false},"geometry":{"type":"LineString","coordinates":[[205.35,-19.35],[206.638,-18.887]]}},{"type":"Feature","properties":{"id":"east-polynesia","name":"Into East Polynesia","kind":"voyage","y0":1012.5,"y1":1015.625,"to":1025,"last":false,"head":true,"rotate":-21},"geometry":{"type":"Point","coordinates":[206.638,-18.887]}},{"type":"Feature","properties":{"id":"east-polynesia","name":"Into East Polynesia","kind":"voyage","y0":1015.625,"y1":1018.75,"to":1025,"last":false},"geometry":{"type":"LineString","coordinates":[[206.638,-18.887],[207.925,-18.425]]}},{"type":"Feature","properties":{"id":"east-polynesia","name":"Into East Polynesia","kind":"voyage","y0":1015.625,"y1":1018.75,"to":1025,"last":false,"head":true,"rotate":-21},"geometry":{"type":"Point","coordinates":[207.925,-18.425]}},{"type":"Feature","properties":{"id":"east-polynesia","name":"Into East Polynesia","kind":"voyage","y0":1018.75,"y1":1021.875,"to":1025,"last":false},"geometry":{"type":"LineString","coordinates":[[207.925,-18.425],[209.213,-17.962]]}},{"type":"Feature","properties":{"id":"east-polynesia","name":"Into East Polynesia","kind":"voyage","y0":1018.75,"y1":1021.875,"to":1025,"last":false,"head":true,"rotate":-21},"geometry":{"type":"Point","coordinates":[209.213,-17.962]}},{"type":"Feature","properties":{"id":"east-polynesia","name":"Into East Polynesia","kind":"voyage","y0":1021.875,"y1":1025,"to":1025,"last":true},"geometry":{"type":"LineString","coordinates":[[209.213,-17.962],[210.5,-17.5]]}},{"type":"Feature","properties":{"id":"east-polynesia","name":"Into East Polynesia","kind":"voyage","y0":1021.875,"y1":1025,"to":1025,"last":true,"head":true,"rotate":-21},"geometry":{"type":"Point","coordinates":[210.5,-17.5]}},{"type":"Feature","properties":{"id":"hawaii","name":"Voyages to Hawaiʻi","kind":"voyage","y0":1000,"y1":1005.5555555555555,"to":1150,"last":false},"geometry":{"type":"LineString","coordinates":[[210.5,-17.5],[211.556,-16.556]]}},{"type":"Feature","properties":{"id":"hawaii","name":"Voyages to Hawaiʻi","kind":"voyage","y0":1000,"y1":1005.5555555555555,"to":1150,"last":false,"head":true,"rotate":-43},"geometry":{"type":"Point","coordinates":[211.556,-16.556]}},{"type":"Feature","properties":{"id":"hawaii","name":"Voyages to Hawaiʻi","kind":"voyage","y0":1005.5555555555555,"y1":1011.1111111111111,"to":1150,"last":false},"geometry":{"type":"LineString","coordinates":[[211.556,-16.556],[212.611,-15.611]]}},{"type":"Feature","properties":{"id":"hawaii","name":"Voyages to Hawaiʻi","kind":"voyage","y0":1005.5555555555555,"y1":1011.1111111111111,"to":1150,"last":false,"head":true,"rotate":-43},"geometry":{"type":"Point","coordinates":[212.611,-15.611]}},{"type":"Feature","properties":{"id":"hawaii","name":"Voyages to Hawaiʻi","kind":"voyage","y0":1011.1111111111111,"y1":1016.6666666666666,"to":1150,"last":false},"geometry":{"type":"LineString","coordinates":[[212.611,-15.611],[213.667,-14.667]]}},{"type":"Feature","properties":{"id":"hawaii","name":"Voyages to Hawaiʻi","kind":"voyage","y0":1011.1111111111111,"y1":1016.6666666666666,"to":1150,"last":false,"head":true,"rotate":-43},"geometry":{"type":"Point","coordinates":[213.667,-14.667]}},{"type":"Feature","properties":{"id":"hawaii","name":"Voyages to Hawaiʻi","kind":"voyage","y0":1016.6666666666666,"y1":1022.2222222222222,"to":1150,"last":false},"geometry":{"type":"LineString","coordinates":[[213.667,-14.667],[214.722,-13.722]]}},{"type":"Feature","properties":{"id":"hawaii","name":"Voyages to Hawaiʻi","kind":"voyage","y0":1016.6666666666666,"y1":1022.2222222222222,"to":1150,"last":false,"head":true,"rotate":-43},"geometry":{"type":"Point","coordinates":[214.722,-13.722]}},{"type":"Feature","properties":{"id":"hawaii","name":"Voyages to Hawaiʻi","kind":"voyage","y0":1022.2222222222222,"y1":1027.7777777777778,"to":1150,"last":false},"geometry":{"type":"LineString","coordinates":[[214.722,-13.722],[215.778,-12.778]]}},{"type":"Feature","properties":{"id":"hawaii","name":"Voyages to Hawaiʻi","kind":"voyage","y0":1022.2222222222222,"y1":1027.7777777777778,"to":1150,"last":false,"head":true,"rotate":-43},"geometry":{"type":"Point","coordinates":[215.778,-12.778]}},{"type":"Feature","properties":{"id":"hawaii","name":"Voyages to Hawaiʻi","kind":"voyage","y0":1027.7777777777778,"y1":1033.3333333333333,"to":1150,"last":false},"geometry":{"type":"LineString","coordinates":[[215.778,-12.778],[216.833,-11.833]]}},{"type":"Feature","properties":{"id":"hawaii","name":"Voyages to Hawaiʻi","kind":"voyage","y0":1027.7777777777778,"y1":1033.3333333333333,"to":1150,"last":false,"head":true,"rotate":-42},"geometry":{"type":"Point","coordinates":[216.833,-11.833]}},{"type":"Feature","properties":{"id":"hawaii","name":"Voyages to Hawaiʻi","kind":"voyage","y0":1033.3333333333333,"y1":1038.888888888889,"to":1150,"last":false},"geometry":{"type":"LineString","coordinates":[[216.833,-11.833],[217.889,-10.889]]}},{"type":"Feature","properties":{"id":"hawaii","name":"Voyages to Hawaiʻi","kind":"voyage","y0":1033.3333333333333,"y1":1038.888888888889,"to":1150,"last":false,"head":true,"rotate":-42},"geometry":{"type":"Point","coordinates":[217.889,-10.889]}},{"type":"Feature","properties":{"id":"hawaii","name":"Voyages to Hawaiʻi","kind":"voyage","y0":1038.888888888889,"y1":1044.4444444444443,"to":1150,"last":false},"geometry":{"type":"LineString","coordinates":[[217.889,-10.889],[218.944,-9.944]]}},{"type":"Feature","properties":{"id":"hawaii","name":"Voyages to Hawaiʻi","kind":"voyage","y0":1038.888888888889,"y1":1044.4444444444443,"to":1150,"last":false,"head":true,"rotate":-42},"geometry":{"type":"Point","coordinates":[218.944,-9.944]}},{"type":"Feature","properties":{"id":"hawaii","name":"Voyages to Hawaiʻi","kind":"voyage","y0":1044.4444444444443,"y1":1050,"to":1150,"last":false},"geometry":{"type":"LineString","coordinates":[[218.944,-9.944],[220,-9]]}},{"type":"Feature","properties":{"id":"hawaii","name":"Voyages to Hawaiʻi","kind":"voyage","y0":1044.4444444444443,"y1":1050,"to":1150,"last":false,"head":true,"rotate":-42},"geometry":{"type":"Point","coordinates":[220,-9]}},{"type":"Feature","properties":{"id":"hawaii","name":"Voyages to Hawaiʻi","kind":"voyage","y0":1050,"y1":1054.5454545454545,"to":1150,"last":false},"geometry":{"type":"LineString","coordinates":[[220,-9],[219.295,-7.7]]}},{"type":"Feature","properties":{"id":"hawaii","name":"Voyages to Hawaiʻi","kind":"voyage","y0":1050,"y1":1054.5454545454545,"to":1150,"last":false,"head":true,"rotate":-118},"geometry":{"type":"Point","coordinates":[219.295,-7.7]}},{"type":"Feature","properties":{"id":"hawaii","name":"Voyages to Hawaiʻi","kind":"voyage","y0":1054.5454545454545,"y1":1059.090909090909,"to":1150,"last":false},"geometry":{"type":"LineString","coordinates":[[219.295,-7.7],[218.591,-6.4]]}},{"type":"Feature","properties":{"id":"hawaii","name":"Voyages to Hawaiʻi","kind":"voyage","y0":1054.5454545454545,"y1":1059.090909090909,"to":1150,"last":false,"head":true,"rotate":-118},"geometry":{"type":"Point","coordinates":[218.591,-6.4]}},{"type":"Feature","properties":{"id":"hawaii","name":"Voyages to Hawaiʻi","kind":"voyage","y0":1059.090909090909,"y1":1063.6363636363637,"to":1150,"last":false},"geometry":{"type":"LineString","coordinates":[[218.591,-6.4],[217.886,-5.1]]}},{"type":"Feature","properties":{"id":"hawaii","name":"Voyages to Hawaiʻi","kind":"voyage","y0":1059.090909090909,"y1":1063.6363636363637,"to":1150,"last":false,"head":true,"rotate":-118},"geometry":{"type":"Point","coordinates":[217.886,-5.1]}},{"type":"Feature","properties":{"id":"hawaii","name":"Voyages to Hawaiʻi","kind":"voyage","y0":1063.6363636363637,"y1":1068.1818181818182,"to":1150,"last":false},"geometry":{"type":"LineString","coordinates":[[217.886,-5.1],[217.182,-3.8]]}},{"type":"Feature","properties":{"id":"hawaii","name":"Voyages to Hawaiʻi","kind":"voyage","y0":1063.6363636363637,"y1":1068.1818181818182,"to":1150,"last":false,"head":true,"rotate":-118},"geometry":{"type":"Point","coordinates":[217.182,-3.8]}},{"type":"Feature","properties":{"id":"hawaii","name":"Voyages to Hawaiʻi","kind":"voyage","y0":1068.1818181818182,"y1":1072.7272727272727,"to":1150,"last":false},"geometry":{"type":"LineString","coordinates":[[217.182,-3.8],[216.477,-2.5]]}},{"type":"Feature","properties":{"id":"hawaii","name":"Voyages to Hawaiʻi","kind":"voyage","y0":1068.1818181818182,"y1":1072.7272727272727,"to":1150,"last":false,"head":true,"rotate":-118},"geometry":{"type":"Point","coordinates":[216.477,-2.5]}},{"type":"Feature","properties":{"id":"hawaii","name":"Voyages to Hawaiʻi","kind":"voyage","y0":1072.7272727272727,"y1":1077.2727272727273,"to":1150,"last":false},"geometry":{"type":"LineString","coordinates":[[216.477,-2.5],[215.773,-1.2]]}},{"type":"Feature","properties":{"id":"hawaii","name":"Voyages to Hawaiʻi","kind":"voyage","y0":1072.7272727272727,"y1":1077.2727272727273,"to":1150,"last":false,"head":true,"rotate":-118},"geometry":{"type":"Point","coordinates":[215.773,-1.2]}},{"type":"Feature","properties":{"id":"hawaii","name":"Voyages to Hawaiʻi","kind":"voyage","y0":1077.2727272727273,"y1":1081.8181818181818,"to":1150,"last":false},"geometry":{"type":"LineString","coordinates":[[215.773,-1.2],[215.068,0.1]]}},{"type":"Feature","properties":{"id":"hawaii","name":"Voyages to Hawaiʻi","kind":"voyage","y0":1077.2727272727273,"y1":1081.8181818181818,"to":1150,"last":false,"head":true,"rotate":-118},"geometry":{"type":"Point","coordinates":[215.068,0.1]}},{"type":"Feature","properties":{"id":"hawaii","name":"Voyages to Hawaiʻi","kind":"voyage","y0":1081.8181818181818,"y1":1086.3636363636363,"to":1150,"last":false},"geometry":{"type":"LineString","coordinates":[[215.068,0.1],[214.364,1.4]]}},{"type":"Feature","properties":{"id":"hawaii","name":"Voyages to Hawaiʻi","kind":"voyage","y0":1081.8181818181818,"y1":1086.3636363636363,"to":1150,"last":false,"head":true,"rotate":-118},"geometry":{"type":"Point","coordinates":[214.364,1.4]}},{"type":"Feature","properties":{"id":"hawaii","name":"Voyages to Hawaiʻi","kind":"voyage","y0":1086.3636363636363,"y1":1090.909090909091,"to":1150,"last":false},"geometry":{"type":"LineString","coordinates":[[214.364,1.4],[213.659,2.7]]}},{"type":"Feature","properties":{"id":"hawaii","name":"Voyages to Hawaiʻi","kind":"voyage","y0":1086.3636363636363,"y1":1090.909090909091,"to":1150,"last":false,"head":true,"rotate":-118},"geometry":{"type":"Point","coordinates":[213.659,2.7]}},{"type":"Feature","properties":{"id":"hawaii","name":"Voyages to Hawaiʻi","kind":"voyage","y0":1090.909090909091,"y1":1095.4545454545455,"to":1150,"last":false},"geometry":{"type":"LineString","coordinates":[[213.659,2.7],[212.955,4]]}},{"type":"Feature","properties":{"id":"hawaii","name":"Voyages to Hawaiʻi","kind":"voyage","y0":1090.909090909091,"y1":1095.4545454545455,"to":1150,"last":false,"head":true,"rotate":-118},"geometry":{"type":"Point","coordinates":[212.955,4]}},{"type":"Feature","properties":{"id":"hawaii","name":"Voyages to Hawaiʻi","kind":"voyage","y0":1095.4545454545455,"y1":1100,"to":1150,"last":false},"geometry":{"type":"LineString","coordinates":[[212.955,4],[212.25,5.3]]}},{"type":"Feature","properties":{"id":"hawaii","name":"Voyages to Hawaiʻi","kind":"voyage","y0":1095.4545454545455,"y1":1100,"to":1150,"last":false,"head":true,"rotate":-118},"geometry":{"type":"Point","coordinates":[212.25,5.3]}},{"type":"Feature","properties":{"id":"hawaii","name":"Voyages to Hawaiʻi","kind":"voyage","y0":1100,"y1":1104.5454545454545,"to":1150,"last":false},"geometry":{"type":"LineString","coordinates":[[212.25,5.3],[211.545,6.6]]}},{"type":"Feature","properties":{"id":"hawaii","name":"Voyages to Hawaiʻi","kind":"voyage","y0":1100,"y1":1104.5454545454545,"to":1150,"last":false,"head":true,"rotate":-118},"geometry":{"type":"Point","coordinates":[211.545,6.6]}},{"type":"Feature","properties":{"id":"hawaii","name":"Voyages to Hawaiʻi","kind":"voyage","y0":1104.5454545454545,"y1":1109.090909090909,"to":1150,"last":false},"geometry":{"type":"LineString","coordinates":[[211.545,6.6],[210.841,7.9]]}},{"type":"Feature","properties":{"id":"hawaii","name":"Voyages to Hawaiʻi","kind":"voyage","y0":1104.5454545454545,"y1":1109.090909090909,"to":1150,"last":false,"head":true,"rotate":-118},"geometry":{"type":"Point","coordinates":[210.841,7.9]}},{"type":"Feature","properties":{"id":"hawaii","name":"Voyages to Hawaiʻi","kind":"voyage","y0":1109.090909090909,"y1":1113.6363636363637,"to":1150,"last":false},"geometry":{"type":"LineString","coordinates":[[210.841,7.9],[210.136,9.2]]}},{"type":"Feature","properties":{"id":"hawaii","name":"Voyages to Hawaiʻi","kind":"voyage","y0":1109.090909090909,"y1":1113.6363636363637,"to":1150,"last":false,"head":true,"rotate":-118},"geometry":{"type":"Point","coordinates":[210.136,9.2]}},{"type":"Feature","properties":{"id":"hawaii","name":"Voyages to Hawaiʻi","kind":"voyage","y0":1113.6363636363637,"y1":1118.1818181818182,"to":1150,"last":false},"geometry":{"type":"LineString","coordinates":[[210.136,9.2],[209.432,10.5]]}},{"type":"Feature","properties":{"id":"hawaii","name":"Voyages to Hawaiʻi","kind":"voyage","y0":1113.6363636363637,"y1":1118.1818181818182,"to":1150,"last":false,"head":true,"rotate":-118},"geometry":{"type":"Point","coordinates":[209.432,10.5]}},{"type":"Feature","properties":{"id":"hawaii","name":"Voyages to Hawaiʻi","kind":"voyage","y0":1118.1818181818182,"y1":1122.7272727272727,"to":1150,"last":false},"geometry":{"type":"LineString","coordinates":[[209.432,10.5],[208.727,11.8]]}},{"type":"Feature","properties":{"id":"hawaii","name":"Voyages to Hawaiʻi","kind":"voyage","y0":1118.1818181818182,"y1":1122.7272727272727,"to":1150,"last":false,"head":true,"rotate":-118},"geometry":{"type":"Point","coordinates":[208.727,11.8]}},{"type":"Feature","properties":{"id":"hawaii","name":"Voyages to Hawaiʻi","kind":"voyage","y0":1122.7272727272727,"y1":1127.2727272727273,"to":1150,"last":false},"geometry":{"type":"LineString","coordinates":[[208.727,11.8],[208.023,13.1]]}},{"type":"Feature","properties":{"id":"hawaii","name":"Voyages to Hawaiʻi","kind":"voyage","y0":1122.7272727272727,"y1":1127.2727272727273,"to":1150,"last":false,"head":true,"rotate":-118},"geometry":{"type":"Point","coordinates":[208.023,13.1]}},{"type":"Feature","properties":{"id":"hawaii","name":"Voyages to Hawaiʻi","kind":"voyage","y0":1127.2727272727273,"y1":1131.8181818181818,"to":1150,"last":false},"geometry":{"type":"LineString","coordinates":[[208.023,13.1],[207.318,14.4]]}},{"type":"Feature","properties":{"id":"hawaii","name":"Voyages to Hawaiʻi","kind":"voyage","y0":1127.2727272727273,"y1":1131.8181818181818,"to":1150,"last":false,"head":true,"rotate":-118},"geometry":{"type":"Point","coordinates":[207.318,14.4]}},{"type":"Feature","properties":{"id":"hawaii","name":"Voyages to Hawaiʻi","kind":"voyage","y0":1131.8181818181818,"y1":1136.3636363636363,"to":1150,"last":false},"geometry":{"type":"LineString","coordinates":[[207.318,14.4],[206.614,15.7]]}},{"type":"Feature","properties":{"id":"hawaii","name":"Voyages to Hawaiʻi","kind":"voyage","y0":1131.8181818181818,"y1":1136.3636363636363,"to":1150,"last":false,"head":true,"rotate":-118},"geometry":{"type":"Point","coordinates":[206.614,15.7]}},{"type":"Feature","properties":{"id":"hawaii","name":"Voyages to Hawaiʻi","kind":"voyage","y0":1136.3636363636363,"y1":1140.909090909091,"to":1150,"last":false},"geometry":{"type":"LineString","coordinates":[[206.614,15.7],[205.909,17]]}},{"type":"Feature","properties":{"id":"hawaii","name":"Voyages to Hawaiʻi","kind":"voyage","y0":1136.3636363636363,"y1":1140.909090909091,"to":1150,"last":false,"head":true,"rotate":-117},"geometry":{"type":"Point","coordinates":[205.909,17]}},{"type":"Feature","properties":{"id":"hawaii","name":"Voyages to Hawaiʻi","kind":"voyage","y0":1140.909090909091,"y1":1145.4545454545455,"to":1150,"last":false},"geometry":{"type":"LineString","coordinates":[[205.909,17],[205.205,18.3]]}},{"type":"Feature","properties":{"id":"hawaii","name":"Voyages to Hawaiʻi","kind":"voyage","y0":1140.909090909091,"y1":1145.4545454545455,"to":1150,"last":false,"head":true,"rotate":-117},"geometry":{"type":"Point","coordinates":[205.205,18.3]}},{"type":"Feature","properties":{"id":"hawaii","name":"Voyages to Hawaiʻi","kind":"voyage","y0":1145.4545454545455,"y1":1150,"to":1150,"last":true},"geometry":{"type":"LineString","coordinates":[[205.205,18.3],[204.5,19.6]]}},{"type":"Feature","properties":{"id":"hawaii","name":"Voyages to Hawaiʻi","kind":"voyage","y0":1145.4545454545455,"y1":1150,"to":1150,"last":true,"head":true,"rotate":-117},"geometry":{"type":"Point","coordinates":[204.5,19.6]}},{"type":"Feature","properties":{"id":"rapanui","name":"Voyage to Rapa Nui","kind":"voyage","y0":1100,"y1":1105,"to":1200,"last":false},"geometry":{"type":"LineString","coordinates":[[220,-9],[220.5,-10.41]]}},{"type":"Feature","properties":{"id":"rapanui","name":"Voyage to Rapa Nui","kind":"voyage","y0":1100,"y1":1105,"to":1200,"last":false,"head":true,"rotate":71},"geometry":{"type":"Point","coordinates":[220.5,-10.41]}},{"type":"Feature","properties":{"id":"rapanui","name":"Voyage to Rapa Nui","kind":"voyage","y0":1105,"y1":1110,"to":1200,"last":false},"geometry":{"type":"LineString","coordinates":[[220.5,-10.41],[221,-11.82]]}},{"type":"Feature","properties":{"id":"rapanui","name":"Voyage to Rapa Nui","kind":"voyage","y0":1105,"y1":1110,"to":1200,"last":false,"head":true,"rotate":71},"geometry":{"type":"Point","coordinates":[221,-11.82]}},{"type":"Feature","properties":{"id":"rapanui","name":"Voyage to Rapa Nui","kind":"voyage","y0":1110,"y1":1115,"to":1200,"last":false},"geometry":{"type":"LineString","coordinates":[[221,-11.82],[221.5,-13.23]]}},{"type":"Feature","properties":{"id":"rapanui","name":"Voyage to Rapa Nui","kind":"voyage","y0":1110,"y1":1115,"to":1200,"last":false,"head":true,"rotate":71},"geometry":{"type":"Point","coordinates":[221.5,-13.23]}},{"type":"Feature","properties":{"id":"rapanui","name":"Voyage to Rapa Nui","kind":"voyage","y0":1115,"y1":1120,"to":1200,"last":false},"geometry":{"type":"LineString","coordinates":[[221.5,-13.23],[222,-14.64]]}},{"type":"Feature","properties":{"id":"rapanui","name":"Voyage to Rapa Nui","kind":"voyage","y0":1115,"y1":1120,"to":1200,"last":false,"head":true,"rotate":71},"geometry":{"type":"Point","coordinates":[222,-14.64]}},{"type":"Feature","properties":{"id":"rapanui","name":"Voyage to Rapa Nui","kind":"voyage","y0":1120,"y1":1125,"to":1200,"last":false},"geometry":{"type":"LineString","coordinates":[[222,-14.64],[222.5,-16.05]]}},{"type":"Feature","properties":{"id":"rapanui","name":"Voyage to Rapa Nui","kind":"voyage","y0":1120,"y1":1125,"to":1200,"last":false,"head":true,"rotate":71},"geometry":{"type":"Point","coordinates":[222.5,-16.05]}},{"type":"Feature","properties":{"id":"rapanui","name":"Voyage to Rapa Nui","kind":"voyage","y0":1125,"y1":1130,"to":1200,"last":false},"geometry":{"type":"LineString","coordinates":[[222.5,-16.05],[223,-17.46]]}},{"type":"Feature","properties":{"id":"rapanui","name":"Voyage to Rapa Nui","kind":"voyage","y0":1125,"y1":1130,"to":1200,"last":false,"head":true,"rotate":71},"geometry":{"type":"Point","coordinates":[223,-17.46]}},{"type":"Feature","properties":{"id":"rapanui","name":"Voyage to Rapa Nui","kind":"voyage","y0":1130,"y1":1135,"to":1200,"last":false},"geometry":{"type":"LineString","coordinates":[[223,-17.46],[223.5,-18.87]]}},{"type":"Feature","properties":{"id":"rapanui","name":"Voyage to Rapa Nui","kind":"voyage","y0":1130,"y1":1135,"to":1200,"last":false,"head":true,"rotate":71},"geometry":{"type":"Point","coordinates":[223.5,-18.87]}},{"type":"Feature","properties":{"id":"rapanui","name":"Voyage to Rapa Nui","kind":"voyage","y0":1135,"y1":1140,"to":1200,"last":false},"geometry":{"type":"LineString","coordinates":[[223.5,-18.87],[224,-20.28]]}},{"type":"Feature","properties":{"id":"rapanui","name":"Voyage to Rapa Nui","kind":"voyage","y0":1135,"y1":1140,"to":1200,"last":false,"head":true,"rotate":72},"geometry":{"type":"Point","coordinates":[224,-20.28]}},{"type":"Feature","properties":{"id":"rapanui","name":"Voyage to Rapa Nui","kind":"voyage","y0":1140,"y1":1145,"to":1200,"last":false},"geometry":{"type":"LineString","coordinates":[[224,-20.28],[224.5,-21.69]]}},{"type":"Feature","properties":{"id":"rapanui","name":"Voyage to Rapa Nui","kind":"voyage","y0":1140,"y1":1145,"to":1200,"last":false,"head":true,"rotate":72},"geometry":{"type":"Point","coordinates":[224.5,-21.69]}},{"type":"Feature","properties":{"id":"rapanui","name":"Voyage to Rapa Nui","kind":"voyage","y0":1145,"y1":1150,"to":1200,"last":false},"geometry":{"type":"LineString","coordinates":[[224.5,-21.69],[225,-23.1]]}},{"type":"Feature","properties":{"id":"rapanui","name":"Voyage to Rapa Nui","kind":"voyage","y0":1145,"y1":1150,"to":1200,"last":false,"head":true,"rotate":72},"geometry":{"type":"Point","coordinates":[225,-23.1]}},{"type":"Feature","properties":{"id":"rapanui","name":"Voyage to Rapa Nui","kind":"voyage","y0":1150,"y1":1152.7777777777778,"to":1200,"last":false},"geometry":{"type":"LineString","coordinates":[[225,-23.1],[226.422,-23.322]]}},{"type":"Feature","properties":{"id":"rapanui","name":"Voyage to Rapa Nui","kind":"voyage","y0":1150,"y1":1152.7777777777778,"to":1200,"last":false,"head":true,"rotate":10},"geometry":{"type":"Point","coordinates":[226.422,-23.322]}},{"type":"Feature","properties":{"id":"rapanui","name":"Voyage to Rapa Nui","kind":"voyage","y0":1152.7777777777778,"y1":1155.5555555555557,"to":1200,"last":false},"geometry":{"type":"LineString","coordinates":[[226.422,-23.322],[227.844,-23.544]]}},{"type":"Feature","properties":{"id":"rapanui","name":"Voyage to Rapa Nui","kind":"voyage","y0":1152.7777777777778,"y1":1155.5555555555557,"to":1200,"last":false,"head":true,"rotate":10},"geometry":{"type":"Point","coordinates":[227.844,-23.544]}},{"type":"Feature","properties":{"id":"rapanui","name":"Voyage to Rapa Nui","kind":"voyage","y0":1155.5555555555557,"y1":1158.3333333333333,"to":1200,"last":false},"geometry":{"type":"LineString","coordinates":[[227.844,-23.544],[229.267,-23.767]]}},{"type":"Feature","properties":{"id":"rapanui","name":"Voyage to Rapa Nui","kind":"voyage","y0":1155.5555555555557,"y1":1158.3333333333333,"to":1200,"last":false,"head":true,"rotate":10},"geometry":{"type":"Point","coordinates":[229.267,-23.767]}},{"type":"Feature","properties":{"id":"rapanui","name":"Voyage to Rapa Nui","kind":"voyage","y0":1158.3333333333333,"y1":1161.111111111111,"to":1200,"last":false},"geometry":{"type":"LineString","coordinates":[[229.267,-23.767],[230.689,-23.989]]}},{"type":"Feature","properties":{"id":"rapanui","name":"Voyage to Rapa Nui","kind":"voyage","y0":1158.3333333333333,"y1":1161.111111111111,"to":1200,"last":false,"head":true,"rotate":10},"geometry":{"type":"Point","coordinates":[230.689,-23.989]}},{"type":"Feature","properties":{"id":"rapanui","name":"Voyage to Rapa Nui","kind":"voyage","y0":1161.111111111111,"y1":1163.888888888889,"to":1200,"last":false},"geometry":{"type":"LineString","coordinates":[[230.689,-23.989],[232.111,-24.211]]}},{"type":"Feature","properties":{"id":"rapanui","name":"Voyage to Rapa Nui","kind":"voyage","y0":1161.111111111111,"y1":1163.888888888889,"to":1200,"last":false,"head":true,"rotate":10},"geometry":{"type":"Point","coordinates":[232.111,-24.211]}},{"type":"Feature","properties":{"id":"rapanui","name":"Voyage to Rapa Nui","kind":"voyage","y0":1163.888888888889,"y1":1166.6666666666667,"to":1200,"last":false},"geometry":{"type":"LineString","coordinates":[[232.111,-24.211],[233.533,-24.433]]}},{"type":"Feature","properties":{"id":"rapanui","name":"Voyage to Rapa Nui","kind":"voyage","y0":1163.888888888889,"y1":1166.6666666666667,"to":1200,"last":false,"head":true,"rotate":10},"geometry":{"type":"Point","coordinates":[233.533,-24.433]}},{"type":"Feature","properties":{"id":"rapanui","name":"Voyage to Rapa Nui","kind":"voyage","y0":1166.6666666666667,"y1":1169.4444444444443,"to":1200,"last":false},"geometry":{"type":"LineString","coordinates":[[233.533,-24.433],[234.956,-24.656]]}},{"type":"Feature","properties":{"id":"rapanui","name":"Voyage to Rapa Nui","kind":"voyage","y0":1166.6666666666667,"y1":1169.4444444444443,"to":1200,"last":false,"head":true,"rotate":10},"geometry":{"type":"Point","coordinates":[234.956,-24.656]}},{"type":"Feature","properties":{"id":"rapanui","name":"Voyage to Rapa Nui","kind":"voyage","y0":1169.4444444444443,"y1":1172.2222222222222,"to":1200,"last":false},"geometry":{"type":"LineString","coordinates":[[234.956,-24.656],[236.378,-24.878]]}},{"type":"Feature","properties":{"id":"rapanui","name":"Voyage to Rapa Nui","kind":"voyage","y0":1169.4444444444443,"y1":1172.2222222222222,"to":1200,"last":false,"head":true,"rotate":10},"geometry":{"type":"Point","coordinates":[236.378,-24.878]}},{"type":"Feature","properties":{"id":"rapanui","name":"Voyage to Rapa Nui","kind":"voyage","y0":1172.2222222222222,"y1":1175,"to":1200,"last":false},"geometry":{"type":"LineString","coordinates":[[236.378,-24.878],[237.8,-25.1]]}},{"type":"Feature","properties":{"id":"rapanui","name":"Voyage to Rapa Nui","kind":"voyage","y0":1172.2222222222222,"y1":1175,"to":1200,"last":false,"head":true,"rotate":10},"geometry":{"type":"Point","coordinates":[237.8,-25.1]}},{"type":"Feature","properties":{"id":"rapanui","name":"Voyage to Rapa Nui","kind":"voyage","y0":1175,"y1":1177.7777777777778,"to":1200,"last":false},"geometry":{"type":"LineString","coordinates":[[237.8,-25.1],[239.222,-25.322]]}},{"type":"Feature","properties":{"id":"rapanui","name":"Voyage to Rapa Nui","kind":"voyage","y0":1175,"y1":1177.7777777777778,"to":1200,"last":false,"head":true,"rotate":10},"geometry":{"type":"Point","coordinates":[239.222,-25.322]}},{"type":"Feature","properties":{"id":"rapanui","name":"Voyage to Rapa Nui","kind":"voyage","y0":1177.7777777777778,"y1":1180.5555555555557,"to":1200,"last":false},"geometry":{"type":"LineString","coordinates":[[239.222,-25.322],[240.644,-25.544]]}},{"type":"Feature","properties":{"id":"rapanui","name":"Voyage to Rapa Nui","kind":"voyage","y0":1177.7777777777778,"y1":1180.5555555555557,"to":1200,"last":false,"head":true,"rotate":10},"geometry":{"type":"Point","coordinates":[240.644,-25.544]}},{"type":"Feature","properties":{"id":"rapanui","name":"Voyage to Rapa Nui","kind":"voyage","y0":1180.5555555555557,"y1":1183.3333333333333,"to":1200,"last":false},"geometry":{"type":"LineString","coordinates":[[240.644,-25.544],[242.067,-25.767]]}},{"type":"Feature","properties":{"id":"rapanui","name":"Voyage to Rapa Nui","kind":"voyage","y0":1180.5555555555557,"y1":1183.3333333333333,"to":1200,"last":false,"head":true,"rotate":10},"geometry":{"type":"Point","coordinates":[242.067,-25.767]}},{"type":"Feature","properties":{"id":"rapanui","name":"Voyage to Rapa Nui","kind":"voyage","y0":1183.3333333333333,"y1":1186.111111111111,"to":1200,"last":false},"geometry":{"type":"LineString","coordinates":[[242.067,-25.767],[243.489,-25.989]]}},{"type":"Feature","properties":{"id":"rapanui","name":"Voyage to Rapa Nui","kind":"voyage","y0":1183.3333333333333,"y1":1186.111111111111,"to":1200,"last":false,"head":true,"rotate":10},"geometry":{"type":"Point","coordinates":[243.489,-25.989]}},{"type":"Feature","properties":{"id":"rapanui","name":"Voyage to Rapa Nui","kind":"voyage","y0":1186.111111111111,"y1":1188.888888888889,"to":1200,"last":false},"geometry":{"type":"LineString","coordinates":[[243.489,-25.989],[244.911,-26.211]]}},{"type":"Feature","properties":{"id":"rapanui","name":"Voyage to Rapa Nui","kind":"voyage","y0":1186.111111111111,"y1":1188.888888888889,"to":1200,"last":false,"head":true,"rotate":10},"geometry":{"type":"Point","coordinates":[244.911,-26.211]}},{"type":"Feature","properties":{"id":"rapanui","name":"Voyage to Rapa Nui","kind":"voyage","y0":1188.888888888889,"y1":1191.6666666666667,"to":1200,"last":false},"geometry":{"type":"LineString","coordinates":[[244.911,-26.211],[246.333,-26.433]]}},{"type":"Feature","properties":{"id":"rapanui","name":"Voyage to Rapa Nui","kind":"voyage","y0":1188.888888888889,"y1":1191.6666666666667,"to":1200,"last":false,"head":true,"rotate":10},"geometry":{"type":"Point","coordinates":[246.333,-26.433]}},{"type":"Feature","properties":{"id":"rapanui","name":"Voyage to Rapa Nui","kind":"voyage","y0":1191.6666666666667,"y1":1194.4444444444443,"to":1200,"last":false},"geometry":{"type":"LineString","coordinates":[[246.333,-26.433],[247.756,-26.656]]}},{"type":"Feature","properties":{"id":"rapanui","name":"Voyage to Rapa Nui","kind":"voyage","y0":1191.6666666666667,"y1":1194.4444444444443,"to":1200,"last":false,"head":true,"rotate":10},"geometry":{"type":"Point","coordinates":[247.756,-26.656]}},{"type":"Feature","properties":{"id":"rapanui","name":"Voyage to Rapa Nui","kind":"voyage","y0":1194.4444444444443,"y1":1197.2222222222222,"to":1200,"last":false},"geometry":{"type":"LineString","coordinates":[[247.756,-26.656],[249.178,-26.878]]}},{"type":"Feature","properties":{"id":"rapanui","name":"Voyage to Rapa Nui","kind":"voyage","y0":1194.4444444444443,"y1":1197.2222222222222,"to":1200,"last":false,"head":true,"rotate":10},"geometry":{"type":"Point","coordinates":[249.178,-26.878]}},{"type":"Feature","properties":{"id":"rapanui","name":"Voyage to Rapa Nui","kind":"voyage","y0":1197.2222222222222,"y1":1200,"to":1200,"last":true},"geometry":{"type":"LineString","coordinates":[[249.178,-26.878],[250.6,-27.1]]}},{"type":"Feature","properties":{"id":"rapanui","name":"Voyage to Rapa Nui","kind":"voyage","y0":1197.2222222222222,"y1":1200,"to":1200,"last":true,"head":true,"rotate":10},"geometry":{"type":"Point","coordinates":[250.6,-27.1]}},{"type":"Feature","properties":{"id":"aotearoa","name":"Voyages to Aotearoa","kind":"voyage","y0":1200,"y1":1203.75,"to":1280,"last":false},"geometry":{"type":"LineString","coordinates":[[210.5,-17.5],[209.213,-17.962]]}},{"type":"Feature","properties":{"id":"aotearoa","name":"Voyages to Aotearoa","kind":"voyage","y0":1200,"y1":1203.75,"to":1280,"last":false,"head":true,"rotate":159},"geometry":{"type":"Point","coordinates":[209.213,-17.962]}},{"type":"Feature","properties":{"id":"aotearoa","name":"Voyages to Aotearoa","kind":"voyage","y0":1203.75,"y1":1207.5,"to":1280,"last":false},"geometry":{"type":"LineString","coordinates":[[209.213,-17.962],[207.925,-18.425]]}},{"type":"Feature","properties":{"id":"aotearoa","name":"Voyages to Aotearoa","kind":"voyage","y0":1203.75,"y1":1207.5,"to":1280,"last":false,"head":true,"rotate":159},"geometry":{"type":"Point","coordinates":[207.925,-18.425]}},{"type":"Feature","properties":{"id":"aotearoa","name":"Voyages to Aotearoa","kind":"voyage","y0":1207.5,"y1":1211.25,"to":1280,"last":false},"geometry":{"type":"LineString","coordinates":[[207.925,-18.425],[206.638,-18.887]]}},{"type":"Feature","properties":{"id":"aotearoa","name":"Voyages to Aotearoa","kind":"voyage","y0":1207.5,"y1":1211.25,"to":1280,"last":false,"head":true,"rotate":159},"geometry":{"type":"Point","coordinates":[206.638,-18.887]}},{"type":"Feature","properties":{"id":"aotearoa","name":"Voyages to Aotearoa","kind":"voyage","y0":1211.25,"y1":1215,"to":1280,"last":false},"geometry":{"type":"LineString","coordinates":[[206.638,-18.887],[205.35,-19.35]]}},{"type":"Feature","properties":{"id":"aotearoa","name":"Voyages to Aotearoa","kind":"voyage","y0":1211.25,"y1":1215,"to":1280,"last":false,"head":true,"rotate":159},"geometry":{"type":"Point","coordinates":[205.35,-19.35]}},{"type":"Feature","properties":{"id":"aotearoa","name":"Voyages to Aotearoa","kind":"voyage","y0":1215,"y1":1218.75,"to":1280,"last":false},"geometry":{"type":"LineString","coordinates":[[205.35,-19.35],[204.063,-19.812]]}},{"type":"Feature","properties":{"id":"aotearoa","name":"Voyages to Aotearoa","kind":"voyage","y0":1215,"y1":1218.75,"to":1280,"last":false,"head":true,"rotate":159},"geometry":{"type":"Point","coordinates":[204.063,-19.812]}},{"type":"Feature","properties":{"id":"aotearoa","name":"Voyages to Aotearoa","kind":"voyage","y0":1218.75,"y1":1222.5,"to":1280,"last":false},"geometry":{"type":"LineString","coordinates":[[204.063,-19.812],[202.775,-20.275]]}},{"type":"Feature","properties":{"id":"aotearoa","name":"Voyages to Aotearoa","kind":"voyage","y0":1218.75,"y1":1222.5,"to":1280,"last":false,"head":true,"rotate":159},"geometry":{"type":"Point","coordinates":[202.775,-20.275]}},{"type":"Feature","properties":{"id":"aotearoa","name":"Voyages to Aotearoa","kind":"voyage","y0":1222.5,"y1":1226.25,"to":1280,"last":false},"geometry":{"type":"LineString","coordinates":[[202.775,-20.275],[201.487,-20.737]]}},{"type":"Feature","properties":{"id":"aotearoa","name":"Voyages to Aotearoa","kind":"voyage","y0":1222.5,"y1":1226.25,"to":1280,"last":false,"head":true,"rotate":159},"geometry":{"type":"Point","coordinates":[201.487,-20.737]}},{"type":"Feature","properties":{"id":"aotearoa","name":"Voyages to Aotearoa","kind":"voyage","y0":1226.25,"y1":1230,"to":1280,"last":false},"geometry":{"type":"LineString","coordinates":[[201.487,-20.737],[200.2,-21.2]]}},{"type":"Feature","properties":{"id":"aotearoa","name":"Voyages to Aotearoa","kind":"voyage","y0":1226.25,"y1":1230,"to":1280,"last":false,"head":true,"rotate":159},"geometry":{"type":"Point","coordinates":[200.2,-21.2]}},{"type":"Feature","properties":{"id":"aotearoa","name":"Voyages to Aotearoa","kind":"voyage","y0":1230,"y1":1232.142857142857,"to":1280,"last":false},"geometry":{"type":"LineString","coordinates":[[200.2,-21.2],[198.9,-21.779]]}},{"type":"Feature","properties":{"id":"aotearoa","name":"Voyages to Aotearoa","kind":"voyage","y0":1230,"y1":1232.142857142857,"to":1280,"last":false,"head":true,"rotate":154},"geometry":{"type":"Point","coordinates":[198.9,-21.779]}},{"type":"Feature","properties":{"id":"aotearoa","name":"Voyages to Aotearoa","kind":"voyage","y0":1232.142857142857,"y1":1234.2857142857142,"to":1280,"last":false},"geometry":{"type":"LineString","coordinates":[[198.9,-21.779],[197.6,-22.357]]}},{"type":"Feature","properties":{"id":"aotearoa","name":"Voyages to Aotearoa","kind":"voyage","y0":1232.142857142857,"y1":1234.2857142857142,"to":1280,"last":false,"head":true,"rotate":154},"geometry":{"type":"Point","coordinates":[197.6,-22.357]}},{"type":"Feature","properties":{"id":"aotearoa","name":"Voyages to Aotearoa","kind":"voyage","y0":1234.2857142857142,"y1":1236.4285714285713,"to":1280,"last":false},"geometry":{"type":"LineString","coordinates":[[197.6,-22.357],[196.3,-22.936]]}},{"type":"Feature","properties":{"id":"aotearoa","name":"Voyages to Aotearoa","kind":"voyage","y0":1234.2857142857142,"y1":1236.4285714285713,"to":1280,"last":false,"head":true,"rotate":154},"geometry":{"type":"Point","coordinates":[196.3,-22.936]}},{"type":"Feature","properties":{"id":"aotearoa","name":"Voyages to Aotearoa","kind":"voyage","y0":1236.4285714285713,"y1":1238.5714285714287,"to":1280,"last":false},"geometry":{"type":"LineString","coordinates":[[196.3,-22.936],[195,-23.514]]}},{"type":"Feature","properties":{"id":"aotearoa","name":"Voyages to Aotearoa","kind":"voyage","y0":1236.4285714285713,"y1":1238.5714285714287,"to":1280,"last":false,"head":true,"rotate":154},"geometry":{"type":"Point","coordinates":[195,-23.514]}},{"type":"Feature","properties":{"id":"aotearoa","name":"Voyages to Aotearoa","kind":"voyage","y0":1238.5714285714287,"y1":1240.7142857142858,"to":1280,"last":false},"geometry":{"type":"LineString","coordinates":[[195,-23.514],[193.7,-24.093]]}},{"type":"Feature","properties":{"id":"aotearoa","name":"Voyages to Aotearoa","kind":"voyage","y0":1238.5714285714287,"y1":1240.7142857142858,"to":1280,"last":false,"head":true,"rotate":154},"geometry":{"type":"Point","coordinates":[193.7,-24.093]}},{"type":"Feature","properties":{"id":"aotearoa","name":"Voyages to Aotearoa","kind":"voyage","y0":1240.7142857142858,"y1":1242.857142857143,"to":1280,"last":false},"geometry":{"type":"LineString","coordinates":[[193.7,-24.093],[192.4,-24.671]]}},{"type":"Feature","properties":{"id":"aotearoa","name":"Voyages to Aotearoa","kind":"voyage","y0":1240.7142857142858,"y1":1242.857142857143,"to":1280,"last":false,"head":true,"rotate":154},"geometry":{"type":"Point","coordinates":[192.4,-24.671]}},{"type":"Feature","properties":{"id":"aotearoa","name":"Voyages to Aotearoa","kind":"voyage","y0":1242.857142857143,"y1":1245,"to":1280,"last":false},"geometry":{"type":"LineString","coordinates":[[192.4,-24.671],[191.1,-25.25]]}},{"type":"Feature","properties":{"id":"aotearoa","name":"Voyages to Aotearoa","kind":"voyage","y0":1242.857142857143,"y1":1245,"to":1280,"last":false,"head":true,"rotate":154},"geometry":{"type":"Point","coordinates":[191.1,-25.25]}},{"type":"Feature","properties":{"id":"aotearoa","name":"Voyages to Aotearoa","kind":"voyage","y0":1245,"y1":1247.142857142857,"to":1280,"last":false},"geometry":{"type":"LineString","coordinates":[[191.1,-25.25],[189.8,-25.829]]}},{"type":"Feature","properties":{"id":"aotearoa","name":"Voyages to Aotearoa","kind":"voyage","y0":1245,"y1":1247.142857142857,"to":1280,"last":false,"head":true,"rotate":154},"geometry":{"type":"Point","coordinates":[189.8,-25.829]}},{"type":"Feature","properties":{"id":"aotearoa","name":"Voyages to Aotearoa","kind":"voyage","y0":1247.142857142857,"y1":1249.2857142857142,"to":1280,"last":false},"geometry":{"type":"LineString","coordinates":[[189.8,-25.829],[188.5,-26.407]]}},{"type":"Feature","properties":{"id":"aotearoa","name":"Voyages to Aotearoa","kind":"voyage","y0":1247.142857142857,"y1":1249.2857142857142,"to":1280,"last":false,"head":true,"rotate":154},"geometry":{"type":"Point","coordinates":[188.5,-26.407]}},{"type":"Feature","properties":{"id":"aotearoa","name":"Voyages to Aotearoa","kind":"voyage","y0":1249.2857142857142,"y1":1251.4285714285713,"to":1280,"last":false},"geometry":{"type":"LineString","coordinates":[[188.5,-26.407],[187.2,-26.986]]}},{"type":"Feature","properties":{"id":"aotearoa","name":"Voyages to Aotearoa","kind":"voyage","y0":1249.2857142857142,"y1":1251.4285714285713,"to":1280,"last":false,"head":true,"rotate":154},"geometry":{"type":"Point","coordinates":[187.2,-26.986]}},{"type":"Feature","properties":{"id":"aotearoa","name":"Voyages to Aotearoa","kind":"voyage","y0":1251.4285714285713,"y1":1253.5714285714287,"to":1280,"last":false},"geometry":{"type":"LineString","coordinates":[[187.2,-26.986],[185.9,-27.564]]}},{"type":"Feature","properties":{"id":"aotearoa","name":"Voyages to Aotearoa","kind":"voyage","y0":1251.4285714285713,"y1":1253.5714285714287,"to":1280,"last":false,"head":true,"rotate":153},"geometry":{"type":"Point","coordinates":[185.9,-27.564]}},{"type":"Feature","properties":{"id":"aotearoa","name":"Voyages to Aotearoa","kind":"voyage","y0":1253.5714285714287,"y1":1255.7142857142858,"to":1280,"last":false},"geometry":{"type":"LineString","coordinates":[[185.9,-27.564],[184.6,-28.143]]}},{"type":"Feature","properties":{"id":"aotearoa","name":"Voyages to Aotearoa","kind":"voyage","y0":1253.5714285714287,"y1":1255.7142857142858,"to":1280,"last":false,"head":true,"rotate":153},"geometry":{"type":"Point","coordinates":[184.6,-28.143]}},{"type":"Feature","properties":{"id":"aotearoa","name":"Voyages to Aotearoa","kind":"voyage","y0":1255.7142857142858,"y1":1257.857142857143,"to":1280,"last":false},"geometry":{"type":"LineString","coordinates":[[184.6,-28.143],[183.3,-28.721]]}},{"type":"Feature","properties":{"id":"aotearoa","name":"Voyages to Aotearoa","kind":"voyage","y0":1255.7142857142858,"y1":1257.857142857143,"to":1280,"last":false,"head":true,"rotate":153},"geometry":{"type":"Point","coordinates":[183.3,-28.721]}},{"type":"Feature","properties":{"id":"aotearoa","name":"Voyages to Aotearoa","kind":"voyage","y0":1257.857142857143,"y1":1260,"to":1280,"last":false},"geometry":{"type":"LineString","coordinates":[[183.3,-28.721],[182,-29.3]]}},{"type":"Feature","properties":{"id":"aotearoa","name":"Voyages to Aotearoa","kind":"voyage","y0":1257.857142857143,"y1":1260,"to":1280,"last":false,"head":true,"rotate":153},"geometry":{"type":"Point","coordinates":[182,-29.3]}},{"type":"Feature","properties":{"id":"aotearoa","name":"Voyages to Aotearoa","kind":"voyage","y0":1260,"y1":1262.857142857143,"to":1280,"last":false},"geometry":{"type":"LineString","coordinates":[[182,-29.3],[180.971,-30.371]]}},{"type":"Feature","properties":{"id":"aotearoa","name":"Voyages to Aotearoa","kind":"voyage","y0":1260,"y1":1262.857142857143,"to":1280,"last":false,"head":true,"rotate":130},"geometry":{"type":"Point","coordinates":[180.971,-30.371]}},{"type":"Feature","properties":{"id":"aotearoa","name":"Voyages to Aotearoa","kind":"voyage","y0":1262.857142857143,"y1":1265.7142857142858,"to":1280,"last":false},"geometry":{"type":"LineString","coordinates":[[180.971,-30.371],[179.943,-31.443]]}},{"type":"Feature","properties":{"id":"aotearoa","name":"Voyages to Aotearoa","kind":"voyage","y0":1262.857142857143,"y1":1265.7142857142858,"to":1280,"last":false,"head":true,"rotate":129},"geometry":{"type":"Point","coordinates":[179.943,-31.443]}},{"type":"Feature","properties":{"id":"aotearoa","name":"Voyages to Aotearoa","kind":"voyage","y0":1265.7142857142858,"y1":1268.5714285714287,"to":1280,"last":false},"geometry":{"type":"LineString","coordinates":[[179.943,-31.443],[178.914,-32.514]]}},{"type":"Feature","properties":{"id":"aotearoa","name":"Voyages to Aotearoa","kind":"voyage","y0":1265.7142857142858,"y1":1268.5714285714287,"to":1280,"last":false,"head":true,"rotate":129},"geometry":{"type":"Point","coordinates":[178.914,-32.514]}},{"type":"Feature","properties":{"id":"aotearoa","name":"Voyages to Aotearoa","kind":"voyage","y0":1268.5714285714287,"y1":1271.4285714285713,"to":1280,"last":false},"geometry":{"type":"LineString","coordinates":[[178.914,-32.514],[177.886,-33.586]]}},{"type":"Feature","properties":{"id":"aotearoa","name":"Voyages to Aotearoa","kind":"voyage","y0":1268.5714285714287,"y1":1271.4285714285713,"to":1280,"last":false,"head":true,"rotate":129},"geometry":{"type":"Point","coordinates":[177.886,-33.586]}},{"type":"Feature","properties":{"id":"aotearoa","name":"Voyages to Aotearoa","kind":"voyage","y0":1271.4285714285713,"y1":1274.2857142857142,"to":1280,"last":false},"geometry":{"type":"LineString","coordinates":[[177.886,-33.586],[176.857,-34.657]]}},{"type":"Feature","properties":{"id":"aotearoa","name":"Voyages to Aotearoa","kind":"voyage","y0":1271.4285714285713,"y1":1274.2857142857142,"to":1280,"last":false,"head":true,"rotate":128},"geometry":{"type":"Point","coordinates":[176.857,-34.657]}},{"type":"Feature","properties":{"id":"aotearoa","name":"Voyages to Aotearoa","kind":"voyage","y0":1274.2857142857142,"y1":1277.142857142857,"to":1280,"last":false},"geometry":{"type":"LineString","coordinates":[[176.857,-34.657],[175.829,-35.729]]}},{"type":"Feature","properties":{"id":"aotearoa","name":"Voyages to Aotearoa","kind":"voyage","y0":1274.2857142857142,"y1":1277.142857142857,"to":1280,"last":false,"head":true,"rotate":128},"geometry":{"type":"Point","coordinates":[175.829,-35.729]}},{"type":"Feature","properties":{"id":"aotearoa","name":"Voyages to Aotearoa","kind":"voyage","y0":1277.142857142857,"y1":1280,"to":1280,"last":true},"geometry":{"type":"LineString","coordinates":[[175.829,-35.729],[174.8,-36.8]]}},{"type":"Feature","properties":{"id":"aotearoa","name":"Voyages to Aotearoa","kind":"voyage","y0":1277.142857142857,"y1":1280,"to":1280,"last":true,"head":true,"rotate":128},"geometry":{"type":"Point","coordinates":[174.8,-36.8]}},{"type":"Feature","properties":{"id":"moriori","name":"Settlement of Rēkohu","kind":"voyage","y0":1450,"y1":1458.3333333333333,"to":1500,"last":false},"geometry":{"type":"LineString","coordinates":[[176.5,-39.5],[177.667,-40.233]]}},{"type":"Feature","properties":{"id":"moriori","name":"Settlement of Rēkohu","kind":"voyage","y0":1450,"y1":1458.3333333333333,"to":1500,"last":false,"head":true,"rotate":39},"geometry":{"type":"Point","coordinates":[177.667,-40.233]}},{"type":"Feature","properties":{"id":"moriori","name":"Settlement of Rēkohu","kind":"voyage","y0":1458.3333333333333,"y1":1466.6666666666667,"to":1500,"last":false},"geometry":{"type":"LineString","coordinates":[[177.667,-40.233],[178.833,-40.967]]}},{"type":"Feature","properties":{"id":"moriori","name":"Settlement of Rēkohu","kind":"voyage","y0":1458.3333333333333,"y1":1466.6666666666667,"to":1500,"last":false,"head":true,"rotate":40},"geometry":{"type":"Point","coordinates":[178.833,-40.967]}},{"type":"Feature","properties":{"id":"moriori","name":"Settlement of Rēkohu","kind":"voyage","y0":1466.6666666666667,"y1":1475,"to":1500,"last":false},"geometry":{"type":"LineString","coordinates":[[178.833,-40.967],[180,-41.7]]}},{"type":"Feature","properties":{"id":"moriori","name":"Settlement of Rēkohu","kind":"voyage","y0":1466.6666666666667,"y1":1475,"to":1500,"last":false,"head":true,"rotate":40},"geometry":{"type":"Point","coordinates":[180,-41.7]}},{"type":"Feature","properties":{"id":"moriori","name":"Settlement of Rēkohu","kind":"voyage","y0":1475,"y1":1483.3333333333333,"to":1500,"last":false},"geometry":{"type":"LineString","coordinates":[[180,-41.7],[181.167,-42.433]]}},{"type":"Feature","properties":{"id":"moriori","name":"Settlement of Rēkohu","kind":"voyage","y0":1475,"y1":1483.3333333333333,"to":1500,"last":false,"head":true,"rotate":40},"geometry":{"type":"Point","coordinates":[181.167,-42.433]}},{"type":"Feature","properties":{"id":"moriori","name":"Settlement of Rēkohu","kind":"voyage","y0":1483.3333333333333,"y1":1491.6666666666667,"to":1500,"last":false},"geometry":{"type":"LineString","coordinates":[[181.167,-42.433],[182.333,-43.167]]}},{"type":"Feature","properties":{"id":"moriori","name":"Settlement of Rēkohu","kind":"voyage","y0":1483.3333333333333,"y1":1491.6666666666667,"to":1500,"last":false,"head":true,"rotate":41},"geometry":{"type":"Point","coordinates":[182.333,-43.167]}},{"type":"Feature","properties":{"id":"moriori","name":"Settlement of Rēkohu","kind":"voyage","y0":1491.6666666666667,"y1":1500,"to":1500,"last":true},"geometry":{"type":"LineString","coordinates":[[182.333,-43.167],[183.5,-43.9]]}},{"type":"Feature","properties":{"id":"moriori","name":"Settlement of Rēkohu","kind":"voyage","y0":1491.6666666666667,"y1":1500,"to":1500,"last":true,"head":true,"rotate":41},"geometry":{"type":"Point","coordinates":[183.5,-43.9]}},{"type":"Feature","properties":{"id":"madagascar","name":"Austronesian voyage to Madagascar","kind":"voyage","y0":500,"y1":502.72727272727275,"to":650,"last":false},"geometry":{"type":"LineString","coordinates":[[114.5,-2.5],[113.182,-2.909]]}},{"type":"Feature","properties":{"id":"madagascar","name":"Austronesian voyage to Madagascar","kind":"voyage","y0":500,"y1":502.72727272727275,"to":650,"last":false,"head":true,"rotate":163},"geometry":{"type":"Point","coordinates":[113.182,-2.909]}},{"type":"Feature","properties":{"id":"madagascar","name":"Austronesian voyage to Madagascar","kind":"voyage","y0":502.72727272727275,"y1":505.45454545454544,"to":650,"last":false},"geometry":{"type":"LineString","coordinates":[[113.182,-2.909],[111.864,-3.318]]}},{"type":"Feature","properties":{"id":"madagascar","name":"Austronesian voyage to Madagascar","kind":"voyage","y0":502.72727272727275,"y1":505.45454545454544,"to":650,"last":false,"head":true,"rotate":163},"geometry":{"type":"Point","coordinates":[111.864,-3.318]}},{"type":"Feature","properties":{"id":"madagascar","name":"Austronesian voyage to Madagascar","kind":"voyage","y0":505.45454545454544,"y1":508.1818181818182,"to":650,"last":false},"geometry":{"type":"LineString","coordinates":[[111.864,-3.318],[110.545,-3.727]]}},{"type":"Feature","properties":{"id":"madagascar","name":"Austronesian voyage to Madagascar","kind":"voyage","y0":505.45454545454544,"y1":508.1818181818182,"to":650,"last":false,"head":true,"rotate":163},"geometry":{"type":"Point","coordinates":[110.545,-3.727]}},{"type":"Feature","properties":{"id":"madagascar","name":"Austronesian voyage to Madagascar","kind":"voyage","y0":508.1818181818182,"y1":510.90909090909093,"to":650,"last":false},"geometry":{"type":"LineString","coordinates":[[110.545,-3.727],[109.227,-4.136]]}},{"type":"Feature","properties":{"id":"madagascar","name":"Austronesian voyage to Madagascar","kind":"voyage","y0":508.1818181818182,"y1":510.90909090909093,"to":650,"last":false,"head":true,"rotate":163},"geometry":{"type":"Point","coordinates":[109.227,-4.136]}},{"type":"Feature","properties":{"id":"madagascar","name":"Austronesian voyage to Madagascar","kind":"voyage","y0":510.90909090909093,"y1":513.6363636363636,"to":650,"last":false},"geometry":{"type":"LineString","coordinates":[[109.227,-4.136],[107.909,-4.545]]}},{"type":"Feature","properties":{"id":"madagascar","name":"Austronesian voyage to Madagascar","kind":"voyage","y0":510.90909090909093,"y1":513.6363636363636,"to":650,"last":false,"head":true,"rotate":163},"geometry":{"type":"Point","coordinates":[107.909,-4.545]}},{"type":"Feature","properties":{"id":"madagascar","name":"Austronesian voyage to Madagascar","kind":"voyage","y0":513.6363636363636,"y1":516.3636363636364,"to":650,"last":false},"geometry":{"type":"LineString","coordinates":[[107.909,-4.545],[106.591,-4.955]]}},{"type":"Feature","properties":{"id":"madagascar","name":"Austronesian voyage to Madagascar","kind":"voyage","y0":513.6363636363636,"y1":516.3636363636364,"to":650,"last":false,"head":true,"rotate":163},"geometry":{"type":"Point","coordinates":[106.591,-4.955]}},{"type":"Feature","properties":{"id":"madagascar","name":"Austronesian voyage to Madagascar","kind":"voyage","y0":516.3636363636364,"y1":519.0909090909091,"to":650,"last":false},"geometry":{"type":"LineString","coordinates":[[106.591,-4.955],[105.273,-5.364]]}},{"type":"Feature","properties":{"id":"madagascar","name":"Austronesian voyage to Madagascar","kind":"voyage","y0":516.3636363636364,"y1":519.0909090909091,"to":650,"last":false,"head":true,"rotate":163},"geometry":{"type":"Point","coordinates":[105.273,-5.364]}},{"type":"Feature","properties":{"id":"madagascar","name":"Austronesian voyage to Madagascar","kind":"voyage","y0":519.0909090909091,"y1":521.8181818181819,"to":650,"last":false},"geometry":{"type":"LineString","coordinates":[[105.273,-5.364],[103.955,-5.773]]}},{"type":"Feature","properties":{"id":"madagascar","name":"Austronesian voyage to Madagascar","kind":"voyage","y0":519.0909090909091,"y1":521.8181818181819,"to":650,"last":false,"head":true,"rotate":163},"geometry":{"type":"Point","coordinates":[103.955,-5.773]}},{"type":"Feature","properties":{"id":"madagascar","name":"Austronesian voyage to Madagascar","kind":"voyage","y0":521.8181818181819,"y1":524.5454545454545,"to":650,"last":false},"geometry":{"type":"LineString","coordinates":[[103.955,-5.773],[102.636,-6.182]]}},{"type":"Feature","properties":{"id":"madagascar","name":"Austronesian voyage to Madagascar","kind":"voyage","y0":521.8181818181819,"y1":524.5454545454545,"to":650,"last":false,"head":true,"rotate":163},"geometry":{"type":"Point","coordinates":[102.636,-6.182]}},{"type":"Feature","properties":{"id":"madagascar","name":"Austronesian voyage to Madagascar","kind":"voyage","y0":524.5454545454545,"y1":527.2727272727273,"to":650,"last":false},"geometry":{"type":"LineString","coordinates":[[102.636,-6.182],[101.318,-6.591]]}},{"type":"Feature","properties":{"id":"madagascar","name":"Austronesian voyage to Madagascar","kind":"voyage","y0":524.5454545454545,"y1":527.2727272727273,"to":650,"last":false,"head":true,"rotate":163},"geometry":{"type":"Point","coordinates":[101.318,-6.591]}},{"type":"Feature","properties":{"id":"madagascar","name":"Austronesian voyage to Madagascar","kind":"voyage","y0":527.2727272727273,"y1":530,"to":650,"last":false},"geometry":{"type":"LineString","coordinates":[[101.318,-6.591],[100,-7]]}},{"type":"Feature","properties":{"id":"madagascar","name":"Austronesian voyage to Madagascar","kind":"voyage","y0":527.2727272727273,"y1":530,"to":650,"last":false,"head":true,"rotate":163},"geometry":{"type":"Point","coordinates":[100,-7]}},{"type":"Feature","properties":{"id":"madagascar","name":"Austronesian voyage to Madagascar","kind":"voyage","y0":530,"y1":532.9411764705883,"to":650,"last":false},"geometry":{"type":"LineString","coordinates":[[100,-7],[98.529,-7.176]]}},{"type":"Feature","properties":{"id":"madagascar","name":"Austronesian voyage to Madagascar","kind":"voyage","y0":530,"y1":532.9411764705883,"to":650,"last":false,"head":true,"rotate":173},"geometry":{"type":"Point","coordinates":[98.529,-7.176]}},{"type":"Feature","properties":{"id":"madagascar","name":"Austronesian voyage to Madagascar","kind":"voyage","y0":532.9411764705883,"y1":535.8823529411765,"to":650,"last":false},"geometry":{"type":"LineString","coordinates":[[98.529,-7.176],[97.059,-7.353]]}},{"type":"Feature","properties":{"id":"madagascar","name":"Austronesian voyage to Madagascar","kind":"voyage","y0":532.9411764705883,"y1":535.8823529411765,"to":650,"last":false,"head":true,"rotate":173},"geometry":{"type":"Point","coordinates":[97.059,-7.353]}},{"type":"Feature","properties":{"id":"madagascar","name":"Austronesian voyage to Madagascar","kind":"voyage","y0":535.8823529411765,"y1":538.8235294117648,"to":650,"last":false},"geometry":{"type":"LineString","coordinates":[[97.059,-7.353],[95.588,-7.529]]}},{"type":"Feature","properties":{"id":"madagascar","name":"Austronesian voyage to Madagascar","kind":"voyage","y0":535.8823529411765,"y1":538.8235294117648,"to":650,"last":false,"head":true,"rotate":173},"geometry":{"type":"Point","coordinates":[95.588,-7.529]}},{"type":"Feature","properties":{"id":"madagascar","name":"Austronesian voyage to Madagascar","kind":"voyage","y0":538.8235294117648,"y1":541.7647058823529,"to":650,"last":false},"geometry":{"type":"LineString","coordinates":[[95.588,-7.529],[94.118,-7.706]]}},{"type":"Feature","properties":{"id":"madagascar","name":"Austronesian voyage to Madagascar","kind":"voyage","y0":538.8235294117648,"y1":541.7647058823529,"to":650,"last":false,"head":true,"rotate":173},"geometry":{"type":"Point","coordinates":[94.118,-7.706]}},{"type":"Feature","properties":{"id":"madagascar","name":"Austronesian voyage to Madagascar","kind":"voyage","y0":541.7647058823529,"y1":544.7058823529412,"to":650,"last":false},"geometry":{"type":"LineString","coordinates":[[94.118,-7.706],[92.647,-7.882]]}},{"type":"Feature","properties":{"id":"madagascar","name":"Austronesian voyage to Madagascar","kind":"voyage","y0":541.7647058823529,"y1":544.7058823529412,"to":650,"last":false,"head":true,"rotate":173},"geometry":{"type":"Point","coordinates":[92.647,-7.882]}},{"type":"Feature","properties":{"id":"madagascar","name":"Austronesian voyage to Madagascar","kind":"voyage","y0":544.7058823529412,"y1":547.6470588235294,"to":650,"last":false},"geometry":{"type":"LineString","coordinates":[[92.647,-7.882],[91.176,-8.059]]}},{"type":"Feature","properties":{"id":"madagascar","name":"Austronesian voyage to Madagascar","kind":"voyage","y0":544.7058823529412,"y1":547.6470588235294,"to":650,"last":false,"head":true,"rotate":173},"geometry":{"type":"Point","coordinates":[91.176,-8.059]}},{"type":"Feature","properties":{"id":"madagascar","name":"Austronesian voyage to Madagascar","kind":"voyage","y0":547.6470588235294,"y1":550.5882352941177,"to":650,"last":false},"geometry":{"type":"LineString","coordinates":[[91.176,-8.059],[89.706,-8.235]]}},{"type":"Feature","properties":{"id":"madagascar","name":"Austronesian voyage to Madagascar","kind":"voyage","y0":547.6470588235294,"y1":550.5882352941177,"to":650,"last":false,"head":true,"rotate":173},"geometry":{"type":"Point","coordinates":[89.706,-8.235]}},{"type":"Feature","properties":{"id":"madagascar","name":"Austronesian voyage to Madagascar","kind":"voyage","y0":550.5882352941177,"y1":553.5294117647059,"to":650,"last":false},"geometry":{"type":"LineString","coordinates":[[89.706,-8.235],[88.235,-8.412]]}},{"type":"Feature","properties":{"id":"madagascar","name":"Austronesian voyage to Madagascar","kind":"voyage","y0":550.5882352941177,"y1":553.5294117647059,"to":650,"last":false,"head":true,"rotate":173},"geometry":{"type":"Point","coordinates":[88.235,-8.412]}},{"type":"Feature","properties":{"id":"madagascar","name":"Austronesian voyage to Madagascar","kind":"voyage","y0":553.5294117647059,"y1":556.4705882352941,"to":650,"last":false},"geometry":{"type":"LineString","coordinates":[[88.235,-8.412],[86.765,-8.588]]}},{"type":"Feature","properties":{"id":"madagascar","name":"Austronesian voyage to Madagascar","kind":"voyage","y0":553.5294117647059,"y1":556.4705882352941,"to":650,"last":false,"head":true,"rotate":173},"geometry":{"type":"Point","coordinates":[86.765,-8.588]}},{"type":"Feature","properties":{"id":"madagascar","name":"Austronesian voyage to Madagascar","kind":"voyage","y0":556.4705882352941,"y1":559.4117647058823,"to":650,"last":false},"geometry":{"type":"LineString","coordinates":[[86.765,-8.588],[85.294,-8.765]]}},{"type":"Feature","properties":{"id":"madagascar","name":"Austronesian voyage to Madagascar","kind":"voyage","y0":556.4705882352941,"y1":559.4117647058823,"to":650,"last":false,"head":true,"rotate":173},"geometry":{"type":"Point","coordinates":[85.294,-8.765]}},{"type":"Feature","properties":{"id":"madagascar","name":"Austronesian voyage to Madagascar","kind":"voyage","y0":559.4117647058823,"y1":562.3529411764706,"to":650,"last":false},"geometry":{"type":"LineString","coordinates":[[85.294,-8.765],[83.824,-8.941]]}},{"type":"Feature","properties":{"id":"madagascar","name":"Austronesian voyage to Madagascar","kind":"voyage","y0":559.4117647058823,"y1":562.3529411764706,"to":650,"last":false,"head":true,"rotate":173},"geometry":{"type":"Point","coordinates":[83.824,-8.941]}},{"type":"Feature","properties":{"id":"madagascar","name":"Austronesian voyage to Madagascar","kind":"voyage","y0":562.3529411764706,"y1":565.2941176470588,"to":650,"last":false},"geometry":{"type":"LineString","coordinates":[[83.824,-8.941],[82.353,-9.118]]}},{"type":"Feature","properties":{"id":"madagascar","name":"Austronesian voyage to Madagascar","kind":"voyage","y0":562.3529411764706,"y1":565.2941176470588,"to":650,"last":false,"head":true,"rotate":173},"geometry":{"type":"Point","coordinates":[82.353,-9.118]}},{"type":"Feature","properties":{"id":"madagascar","name":"Austronesian voyage to Madagascar","kind":"voyage","y0":565.2941176470588,"y1":568.2352941176471,"to":650,"last":false},"geometry":{"type":"LineString","coordinates":[[82.353,-9.118],[80.882,-9.294]]}},{"type":"Feature","properties":{"id":"madagascar","name":"Austronesian voyage to Madagascar","kind":"voyage","y0":565.2941176470588,"y1":568.2352941176471,"to":650,"last":false,"head":true,"rotate":173},"geometry":{"type":"Point","coordinates":[80.882,-9.294]}},{"type":"Feature","properties":{"id":"madagascar","name":"Austronesian voyage to Madagascar","kind":"voyage","y0":568.2352941176471,"y1":571.1764705882352,"to":650,"last":false},"geometry":{"type":"LineString","coordinates":[[80.882,-9.294],[79.412,-9.471]]}},{"type":"Feature","properties":{"id":"madagascar","name":"Austronesian voyage to Madagascar","kind":"voyage","y0":568.2352941176471,"y1":571.1764705882352,"to":650,"last":false,"head":true,"rotate":173},"geometry":{"type":"Point","coordinates":[79.412,-9.471]}},{"type":"Feature","properties":{"id":"madagascar","name":"Austronesian voyage to Madagascar","kind":"voyage","y0":571.1764705882352,"y1":574.1176470588235,"to":650,"last":false},"geometry":{"type":"LineString","coordinates":[[79.412,-9.471],[77.941,-9.647]]}},{"type":"Feature","properties":{"id":"madagascar","name":"Austronesian voyage to Madagascar","kind":"voyage","y0":571.1764705882352,"y1":574.1176470588235,"to":650,"last":false,"head":true,"rotate":173},"geometry":{"type":"Point","coordinates":[77.941,-9.647]}},{"type":"Feature","properties":{"id":"madagascar","name":"Austronesian voyage to Madagascar","kind":"voyage","y0":574.1176470588235,"y1":577.0588235294117,"to":650,"last":false},"geometry":{"type":"LineString","coordinates":[[77.941,-9.647],[76.471,-9.824]]}},{"type":"Feature","properties":{"id":"madagascar","name":"Austronesian voyage to Madagascar","kind":"voyage","y0":574.1176470588235,"y1":577.0588235294117,"to":650,"last":false,"head":true,"rotate":173},"geometry":{"type":"Point","coordinates":[76.471,-9.824]}},{"type":"Feature","properties":{"id":"madagascar","name":"Austronesian voyage to Madagascar","kind":"voyage","y0":577.0588235294117,"y1":580,"to":650,"last":false},"geometry":{"type":"LineString","coordinates":[[76.471,-9.824],[75,-10]]}},{"type":"Feature","properties":{"id":"madagascar","name":"Austronesian voyage to Madagascar","kind":"voyage","y0":577.0588235294117,"y1":580,"to":650,"last":false,"head":true,"rotate":173},"geometry":{"type":"Point","coordinates":[75,-10]}},{"type":"Feature","properties":{"id":"madagascar","name":"Austronesian voyage to Madagascar","kind":"voyage","y0":580,"y1":583.6842105263158,"to":650,"last":false},"geometry":{"type":"LineString","coordinates":[[75,-10],[73.553,-10.368]]}},{"type":"Feature","properties":{"id":"madagascar","name":"Austronesian voyage to Madagascar","kind":"voyage","y0":580,"y1":583.6842105263158,"to":650,"last":false,"head":true,"rotate":165},"geometry":{"type":"Point","coordinates":[73.553,-10.368]}},{"type":"Feature","properties":{"id":"madagascar","name":"Austronesian voyage to Madagascar","kind":"voyage","y0":583.6842105263158,"y1":587.3684210526316,"to":650,"last":false},"geometry":{"type":"LineString","coordinates":[[73.553,-10.368],[72.105,-10.737]]}},{"type":"Feature","properties":{"id":"madagascar","name":"Austronesian voyage to Madagascar","kind":"voyage","y0":583.6842105263158,"y1":587.3684210526316,"to":650,"last":false,"head":true,"rotate":165},"geometry":{"type":"Point","coordinates":[72.105,-10.737]}},{"type":"Feature","properties":{"id":"madagascar","name":"Austronesian voyage to Madagascar","kind":"voyage","y0":587.3684210526316,"y1":591.0526315789474,"to":650,"last":false},"geometry":{"type":"LineString","coordinates":[[72.105,-10.737],[70.658,-11.105]]}},{"type":"Feature","properties":{"id":"madagascar","name":"Austronesian voyage to Madagascar","kind":"voyage","y0":587.3684210526316,"y1":591.0526315789474,"to":650,"last":false,"head":true,"rotate":165},"geometry":{"type":"Point","coordinates":[70.658,-11.105]}},{"type":"Feature","properties":{"id":"madagascar","name":"Austronesian voyage to Madagascar","kind":"voyage","y0":591.0526315789474,"y1":594.7368421052631,"to":650,"last":false},"geometry":{"type":"LineString","coordinates":[[70.658,-11.105],[69.211,-11.474]]}},{"type":"Feature","properties":{"id":"madagascar","name":"Austronesian voyage to Madagascar","kind":"voyage","y0":591.0526315789474,"y1":594.7368421052631,"to":650,"last":false,"head":true,"rotate":165},"geometry":{"type":"Point","coordinates":[69.211,-11.474]}},{"type":"Feature","properties":{"id":"madagascar","name":"Austronesian voyage to Madagascar","kind":"voyage","y0":594.7368421052631,"y1":598.421052631579,"to":650,"last":false},"geometry":{"type":"LineString","coordinates":[[69.211,-11.474],[67.763,-11.842]]}},{"type":"Feature","properties":{"id":"madagascar","name":"Austronesian voyage to Madagascar","kind":"voyage","y0":594.7368421052631,"y1":598.421052631579,"to":650,"last":false,"head":true,"rotate":165},"geometry":{"type":"Point","coordinates":[67.763,-11.842]}},{"type":"Feature","properties":{"id":"madagascar","name":"Austronesian voyage to Madagascar","kind":"voyage","y0":598.421052631579,"y1":602.1052631578947,"to":650,"last":false},"geometry":{"type":"LineString","coordinates":[[67.763,-11.842],[66.316,-12.211]]}},{"type":"Feature","properties":{"id":"madagascar","name":"Austronesian voyage to Madagascar","kind":"voyage","y0":598.421052631579,"y1":602.1052631578947,"to":650,"last":false,"head":true,"rotate":165},"geometry":{"type":"Point","coordinates":[66.316,-12.211]}},{"type":"Feature","properties":{"id":"madagascar","name":"Austronesian voyage to Madagascar","kind":"voyage","y0":602.1052631578947,"y1":605.7894736842105,"to":650,"last":false},"geometry":{"type":"LineString","coordinates":[[66.316,-12.211],[64.868,-12.579]]}},{"type":"Feature","properties":{"id":"madagascar","name":"Austronesian voyage to Madagascar","kind":"voyage","y0":602.1052631578947,"y1":605.7894736842105,"to":650,"last":false,"head":true,"rotate":165},"geometry":{"type":"Point","coordinates":[64.868,-12.579]}},{"type":"Feature","properties":{"id":"madagascar","name":"Austronesian voyage to Madagascar","kind":"voyage","y0":605.7894736842105,"y1":609.4736842105264,"to":650,"last":false},"geometry":{"type":"LineString","coordinates":[[64.868,-12.579],[63.421,-12.947]]}},{"type":"Feature","properties":{"id":"madagascar","name":"Austronesian voyage to Madagascar","kind":"voyage","y0":605.7894736842105,"y1":609.4736842105264,"to":650,"last":false,"head":true,"rotate":165},"geometry":{"type":"Point","coordinates":[63.421,-12.947]}},{"type":"Feature","properties":{"id":"madagascar","name":"Austronesian voyage to Madagascar","kind":"voyage","y0":609.4736842105264,"y1":613.1578947368421,"to":650,"last":false},"geometry":{"type":"LineString","coordinates":[[63.421,-12.947],[61.974,-13.316]]}},{"type":"Feature","properties":{"id":"madagascar","name":"Austronesian voyage to Madagascar","kind":"voyage","y0":609.4736842105264,"y1":613.1578947368421,"to":650,"last":false,"head":true,"rotate":165},"geometry":{"type":"Point","coordinates":[61.974,-13.316]}},{"type":"Feature","properties":{"id":"madagascar","name":"Austronesian voyage to Madagascar","kind":"voyage","y0":613.1578947368421,"y1":616.8421052631579,"to":650,"last":false},"geometry":{"type":"LineString","coordinates":[[61.974,-13.316],[60.526,-13.684]]}},{"type":"Feature","properties":{"id":"madagascar","name":"Austronesian voyage to Madagascar","kind":"voyage","y0":613.1578947368421,"y1":616.8421052631579,"to":650,"last":false,"head":true,"rotate":165},"geometry":{"type":"Point","coordinates":[60.526,-13.684]}},{"type":"Feature","properties":{"id":"madagascar","name":"Austronesian voyage to Madagascar","kind":"voyage","y0":616.8421052631579,"y1":620.5263157894736,"to":650,"last":false},"geometry":{"type":"LineString","coordinates":[[60.526,-13.684],[59.079,-14.053]]}},{"type":"Feature","properties":{"id":"madagascar","name":"Austronesian voyage to Madagascar","kind":"voyage","y0":616.8421052631579,"y1":620.5263157894736,"to":650,"last":false,"head":true,"rotate":165},"geometry":{"type":"Point","coordinates":[59.079,-14.053]}},{"type":"Feature","properties":{"id":"madagascar","name":"Austronesian voyage to Madagascar","kind":"voyage","y0":620.5263157894736,"y1":624.2105263157895,"to":650,"last":false},"geometry":{"type":"LineString","coordinates":[[59.079,-14.053],[57.632,-14.421]]}},{"type":"Feature","properties":{"id":"madagascar","name":"Austronesian voyage to Madagascar","kind":"voyage","y0":620.5263157894736,"y1":624.2105263157895,"to":650,"last":false,"head":true,"rotate":165},"geometry":{"type":"Point","coordinates":[57.632,-14.421]}},{"type":"Feature","properties":{"id":"madagascar","name":"Austronesian voyage to Madagascar","kind":"voyage","y0":624.2105263157895,"y1":627.8947368421053,"to":650,"last":false},"geometry":{"type":"LineString","coordinates":[[57.632,-14.421],[56.184,-14.789]]}},{"type":"Feature","properties":{"id":"madagascar","name":"Austronesian voyage to Madagascar","kind":"voyage","y0":624.2105263157895,"y1":627.8947368421053,"to":650,"last":false,"head":true,"rotate":165},"geometry":{"type":"Point","coordinates":[56.184,-14.789]}},{"type":"Feature","properties":{"id":"madagascar","name":"Austronesian voyage to Madagascar","kind":"voyage","y0":627.8947368421053,"y1":631.578947368421,"to":650,"last":false},"geometry":{"type":"LineString","coordinates":[[56.184,-14.789],[54.737,-15.158]]}},{"type":"Feature","properties":{"id":"madagascar","name":"Austronesian voyage to Madagascar","kind":"voyage","y0":627.8947368421053,"y1":631.578947368421,"to":650,"last":false,"head":true,"rotate":165},"geometry":{"type":"Point","coordinates":[54.737,-15.158]}},{"type":"Feature","properties":{"id":"madagascar","name":"Austronesian voyage to Madagascar","kind":"voyage","y0":631.578947368421,"y1":635.2631578947369,"to":650,"last":false},"geometry":{"type":"LineString","coordinates":[[54.737,-15.158],[53.289,-15.526]]}},{"type":"Feature","properties":{"id":"madagascar","name":"Austronesian voyage to Madagascar","kind":"voyage","y0":631.578947368421,"y1":635.2631578947369,"to":650,"last":false,"head":true,"rotate":165},"geometry":{"type":"Point","coordinates":[53.289,-15.526]}},{"type":"Feature","properties":{"id":"madagascar","name":"Austronesian voyage to Madagascar","kind":"voyage","y0":635.2631578947369,"y1":638.9473684210526,"to":650,"last":false},"geometry":{"type":"LineString","coordinates":[[53.289,-15.526],[51.842,-15.895]]}},{"type":"Feature","properties":{"id":"madagascar","name":"Austronesian voyage to Madagascar","kind":"voyage","y0":635.2631578947369,"y1":638.9473684210526,"to":650,"last":false,"head":true,"rotate":165},"geometry":{"type":"Point","coordinates":[51.842,-15.895]}},{"type":"Feature","properties":{"id":"madagascar","name":"Austronesian voyage to Madagascar","kind":"voyage","y0":638.9473684210526,"y1":642.6315789473684,"to":650,"last":false},"geometry":{"type":"LineString","coordinates":[[51.842,-15.895],[50.395,-16.263]]}},{"type":"Feature","properties":{"id":"madagascar","name":"Austronesian voyage to Madagascar","kind":"voyage","y0":638.9473684210526,"y1":642.6315789473684,"to":650,"last":false,"head":true,"rotate":165},"geometry":{"type":"Point","coordinates":[50.395,-16.263]}},{"type":"Feature","properties":{"id":"madagascar","name":"Austronesian voyage to Madagascar","kind":"voyage","y0":642.6315789473684,"y1":646.3157894736842,"to":650,"last":false},"geometry":{"type":"LineString","coordinates":[[50.395,-16.263],[48.947,-16.632]]}},{"type":"Feature","properties":{"id":"madagascar","name":"Austronesian voyage to Madagascar","kind":"voyage","y0":642.6315789473684,"y1":646.3157894736842,"to":650,"last":false,"head":true,"rotate":165},"geometry":{"type":"Point","coordinates":[48.947,-16.632]}},{"type":"Feature","properties":{"id":"madagascar","name":"Austronesian voyage to Madagascar","kind":"voyage","y0":646.3157894736842,"y1":650,"to":650,"last":true},"geometry":{"type":"LineString","coordinates":[[48.947,-16.632],[47.5,-17]]}},{"type":"Feature","properties":{"id":"madagascar","name":"Austronesian voyage to Madagascar","kind":"voyage","y0":646.3157894736842,"y1":650,"to":650,"last":true,"head":true,"rotate":165},"geometry":{"type":"Point","coordinates":[47.5,-17]}},{"type":"Feature","properties":{"id":"norse","name":"Norse voyages across the North Atlantic","kind":"voyage","y0":790,"y1":793.8888888888889,"to":1021,"last":false},"geometry":{"type":"LineString","coordinates":[[5.3,60.4],[3.933,60.578]]}},{"type":"Feature","properties":{"id":"norse","name":"Norse voyages across the North Atlantic","kind":"voyage","y0":790,"y1":793.8888888888889,"to":1021,"last":false,"head":true,"rotate":-165},"geometry":{"type":"Point","coordinates":[3.933,60.578]}},{"type":"Feature","properties":{"id":"norse","name":"Norse voyages across the North Atlantic","kind":"voyage","y0":793.8888888888889,"y1":797.7777777777778,"to":1021,"last":false},"geometry":{"type":"LineString","coordinates":[[3.933,60.578],[2.567,60.756]]}},{"type":"Feature","properties":{"id":"norse","name":"Norse voyages across the North Atlantic","kind":"voyage","y0":793.8888888888889,"y1":797.7777777777778,"to":1021,"last":false,"head":true,"rotate":-165},"geometry":{"type":"Point","coordinates":[2.567,60.756]}},{"type":"Feature","properties":{"id":"norse","name":"Norse voyages across the North Atlantic","kind":"voyage","y0":797.7777777777778,"y1":801.6666666666666,"to":1021,"last":false},"geometry":{"type":"LineString","coordinates":[[2.567,60.756],[1.2,60.933]]}},{"type":"Feature","properties":{"id":"norse","name":"Norse voyages across the North Atlantic","kind":"voyage","y0":797.7777777777778,"y1":801.6666666666666,"to":1021,"last":false,"head":true,"rotate":-165},"geometry":{"type":"Point","coordinates":[1.2,60.933]}},{"type":"Feature","properties":{"id":"norse","name":"Norse voyages across the North Atlantic","kind":"voyage","y0":801.6666666666666,"y1":805.5555555555555,"to":1021,"last":false},"geometry":{"type":"LineString","coordinates":[[1.2,60.933],[-0.167,61.111]]}},{"type":"Feature","properties":{"id":"norse","name":"Norse voyages across the North Atlantic","kind":"voyage","y0":801.6666666666666,"y1":805.5555555555555,"to":1021,"last":false,"head":true,"rotate":-165},"geometry":{"type":"Point","coordinates":[-0.167,61.111]}},{"type":"Feature","properties":{"id":"norse","name":"Norse voyages across the North Atlantic","kind":"voyage","y0":805.5555555555555,"y1":809.4444444444445,"to":1021,"last":false},"geometry":{"type":"LineString","coordinates":[[-0.167,61.111],[-1.533,61.289]]}},{"type":"Feature","properties":{"id":"norse","name":"Norse voyages across the North Atlantic","kind":"voyage","y0":805.5555555555555,"y1":809.4444444444445,"to":1021,"last":false,"head":true,"rotate":-165},"geometry":{"type":"Point","coordinates":[-1.533,61.289]}},{"type":"Feature","properties":{"id":"norse","name":"Norse voyages across the North Atlantic","kind":"voyage","y0":809.4444444444445,"y1":813.3333333333334,"to":1021,"last":false},"geometry":{"type":"LineString","coordinates":[[-1.533,61.289],[-2.9,61.467]]}},{"type":"Feature","properties":{"id":"norse","name":"Norse voyages across the North Atlantic","kind":"voyage","y0":809.4444444444445,"y1":813.3333333333334,"to":1021,"last":false,"head":true,"rotate":-165},"geometry":{"type":"Point","coordinates":[-2.9,61.467]}},{"type":"Feature","properties":{"id":"norse","name":"Norse voyages across the North Atlantic","kind":"voyage","y0":813.3333333333334,"y1":817.2222222222222,"to":1021,"last":false},"geometry":{"type":"LineString","coordinates":[[-2.9,61.467],[-4.267,61.644]]}},{"type":"Feature","properties":{"id":"norse","name":"Norse voyages across the North Atlantic","kind":"voyage","y0":813.3333333333334,"y1":817.2222222222222,"to":1021,"last":false,"head":true,"rotate":-165},"geometry":{"type":"Point","coordinates":[-4.267,61.644]}},{"type":"Feature","properties":{"id":"norse","name":"Norse voyages across the North Atlantic","kind":"voyage","y0":817.2222222222222,"y1":821.1111111111111,"to":1021,"last":false},"geometry":{"type":"LineString","coordinates":[[-4.267,61.644],[-5.633,61.822]]}},{"type":"Feature","properties":{"id":"norse","name":"Norse voyages across the North Atlantic","kind":"voyage","y0":817.2222222222222,"y1":821.1111111111111,"to":1021,"last":false,"head":true,"rotate":-165},"geometry":{"type":"Point","coordinates":[-5.633,61.822]}},{"type":"Feature","properties":{"id":"norse","name":"Norse voyages across the North Atlantic","kind":"voyage","y0":821.1111111111111,"y1":825,"to":1021,"last":false},"geometry":{"type":"LineString","coordinates":[[-5.633,61.822],[-7,62]]}},{"type":"Feature","properties":{"id":"norse","name":"Norse voyages across the North Atlantic","kind":"voyage","y0":821.1111111111111,"y1":825,"to":1021,"last":false,"head":true,"rotate":-165},"geometry":{"type":"Point","coordinates":[-7,62]}},{"type":"Feature","properties":{"id":"norse","name":"Norse voyages across the North Atlantic","kind":"voyage","y0":825,"y1":829.4545454545455,"to":1021,"last":false},"geometry":{"type":"LineString","coordinates":[[-7,62],[-8.355,62.191]]}},{"type":"Feature","properties":{"id":"norse","name":"Norse voyages across the North Atlantic","kind":"voyage","y0":825,"y1":829.4545454545455,"to":1021,"last":false,"head":true,"rotate":-163},"geometry":{"type":"Point","coordinates":[-8.355,62.191]}},{"type":"Feature","properties":{"id":"norse","name":"Norse voyages across the North Atlantic","kind":"voyage","y0":829.4545454545455,"y1":833.9090909090909,"to":1021,"last":false},"geometry":{"type":"LineString","coordinates":[[-8.355,62.191],[-9.709,62.382]]}},{"type":"Feature","properties":{"id":"norse","name":"Norse voyages across the North Atlantic","kind":"voyage","y0":829.4545454545455,"y1":833.9090909090909,"to":1021,"last":false,"head":true,"rotate":-163},"geometry":{"type":"Point","coordinates":[-9.709,62.382]}},{"type":"Feature","properties":{"id":"norse","name":"Norse voyages across the North Atlantic","kind":"voyage","y0":833.9090909090909,"y1":838.3636363636364,"to":1021,"last":false},"geometry":{"type":"LineString","coordinates":[[-9.709,62.382],[-11.064,62.573]]}},{"type":"Feature","properties":{"id":"norse","name":"Norse voyages across the North Atlantic","kind":"voyage","y0":833.9090909090909,"y1":838.3636363636364,"to":1021,"last":false,"head":true,"rotate":-163},"geometry":{"type":"Point","coordinates":[-11.064,62.573]}},{"type":"Feature","properties":{"id":"norse","name":"Norse voyages across the North Atlantic","kind":"voyage","y0":838.3636363636364,"y1":842.8181818181819,"to":1021,"last":false},"geometry":{"type":"LineString","coordinates":[[-11.064,62.573],[-12.418,62.764]]}},{"type":"Feature","properties":{"id":"norse","name":"Norse voyages across the North Atlantic","kind":"voyage","y0":838.3636363636364,"y1":842.8181818181819,"to":1021,"last":false,"head":true,"rotate":-163},"geometry":{"type":"Point","coordinates":[-12.418,62.764]}},{"type":"Feature","properties":{"id":"norse","name":"Norse voyages across the North Atlantic","kind":"voyage","y0":842.8181818181819,"y1":847.2727272727273,"to":1021,"last":false},"geometry":{"type":"LineString","coordinates":[[-12.418,62.764],[-13.773,62.955]]}},{"type":"Feature","properties":{"id":"norse","name":"Norse voyages across the North Atlantic","kind":"voyage","y0":842.8181818181819,"y1":847.2727272727273,"to":1021,"last":false,"head":true,"rotate":-163},"geometry":{"type":"Point","coordinates":[-13.773,62.955]}},{"type":"Feature","properties":{"id":"norse","name":"Norse voyages across the North Atlantic","kind":"voyage","y0":847.2727272727273,"y1":851.7272727272727,"to":1021,"last":false},"geometry":{"type":"LineString","coordinates":[[-13.773,62.955],[-15.127,63.145]]}},{"type":"Feature","properties":{"id":"norse","name":"Norse voyages across the North Atlantic","kind":"voyage","y0":847.2727272727273,"y1":851.7272727272727,"to":1021,"last":false,"head":true,"rotate":-163},"geometry":{"type":"Point","coordinates":[-15.127,63.145]}},{"type":"Feature","properties":{"id":"norse","name":"Norse voyages across the North Atlantic","kind":"voyage","y0":851.7272727272727,"y1":856.1818181818181,"to":1021,"last":false},"geometry":{"type":"LineString","coordinates":[[-15.127,63.145],[-16.482,63.336]]}},{"type":"Feature","properties":{"id":"norse","name":"Norse voyages across the North Atlantic","kind":"voyage","y0":851.7272727272727,"y1":856.1818181818181,"to":1021,"last":false,"head":true,"rotate":-163},"geometry":{"type":"Point","coordinates":[-16.482,63.336]}},{"type":"Feature","properties":{"id":"norse","name":"Norse voyages across the North Atlantic","kind":"voyage","y0":856.1818181818181,"y1":860.6363636363636,"to":1021,"last":false},"geometry":{"type":"LineString","coordinates":[[-16.482,63.336],[-17.836,63.527]]}},{"type":"Feature","properties":{"id":"norse","name":"Norse voyages across the North Atlantic","kind":"voyage","y0":856.1818181818181,"y1":860.6363636363636,"to":1021,"last":false,"head":true,"rotate":-163},"geometry":{"type":"Point","coordinates":[-17.836,63.527]}},{"type":"Feature","properties":{"id":"norse","name":"Norse voyages across the North Atlantic","kind":"voyage","y0":860.6363636363636,"y1":865.0909090909091,"to":1021,"last":false},"geometry":{"type":"LineString","coordinates":[[-17.836,63.527],[-19.191,63.718]]}},{"type":"Feature","properties":{"id":"norse","name":"Norse voyages across the North Atlantic","kind":"voyage","y0":860.6363636363636,"y1":865.0909090909091,"to":1021,"last":false,"head":true,"rotate":-162},"geometry":{"type":"Point","coordinates":[-19.191,63.718]}},{"type":"Feature","properties":{"id":"norse","name":"Norse voyages across the North Atlantic","kind":"voyage","y0":865.0909090909091,"y1":869.5454545454545,"to":1021,"last":false},"geometry":{"type":"LineString","coordinates":[[-19.191,63.718],[-20.545,63.909]]}},{"type":"Feature","properties":{"id":"norse","name":"Norse voyages across the North Atlantic","kind":"voyage","y0":865.0909090909091,"y1":869.5454545454545,"to":1021,"last":false,"head":true,"rotate":-162},"geometry":{"type":"Point","coordinates":[-20.545,63.909]}},{"type":"Feature","properties":{"id":"norse","name":"Norse voyages across the North Atlantic","kind":"voyage","y0":869.5454545454545,"y1":874,"to":1021,"last":false},"geometry":{"type":"LineString","coordinates":[[-20.545,63.909],[-21.9,64.1]]}},{"type":"Feature","properties":{"id":"norse","name":"Norse voyages across the North Atlantic","kind":"voyage","y0":869.5454545454545,"y1":874,"to":1021,"last":false,"head":true,"rotate":-162},"geometry":{"type":"Point","coordinates":[-21.9,64.1]}},{"type":"Feature","properties":{"id":"norse","name":"Norse voyages across the North Atlantic","kind":"voyage","y0":874,"y1":880.9375,"to":1021,"last":false},"geometry":{"type":"LineString","coordinates":[[-21.9,64.1],[-23.375,63.919]]}},{"type":"Feature","properties":{"id":"norse","name":"Norse voyages across the North Atlantic","kind":"voyage","y0":874,"y1":880.9375,"to":1021,"last":false,"head":true,"rotate":164},"geometry":{"type":"Point","coordinates":[-23.375,63.919]}},{"type":"Feature","properties":{"id":"norse","name":"Norse voyages across the North Atlantic","kind":"voyage","y0":880.9375,"y1":887.875,"to":1021,"last":false},"geometry":{"type":"LineString","coordinates":[[-23.375,63.919],[-24.85,63.738]]}},{"type":"Feature","properties":{"id":"norse","name":"Norse voyages across the North Atlantic","kind":"voyage","y0":880.9375,"y1":887.875,"to":1021,"last":false,"head":true,"rotate":164},"geometry":{"type":"Point","coordinates":[-24.85,63.738]}},{"type":"Feature","properties":{"id":"norse","name":"Norse voyages across the North Atlantic","kind":"voyage","y0":887.875,"y1":894.8125,"to":1021,"last":false},"geometry":{"type":"LineString","coordinates":[[-24.85,63.738],[-26.325,63.556]]}},{"type":"Feature","properties":{"id":"norse","name":"Norse voyages across the North Atlantic","kind":"voyage","y0":887.875,"y1":894.8125,"to":1021,"last":false,"head":true,"rotate":165},"geometry":{"type":"Point","coordinates":[-26.325,63.556]}},{"type":"Feature","properties":{"id":"norse","name":"Norse voyages across the North Atlantic","kind":"voyage","y0":894.8125,"y1":901.75,"to":1021,"last":false},"geometry":{"type":"LineString","coordinates":[[-26.325,63.556],[-27.8,63.375]]}},{"type":"Feature","properties":{"id":"norse","name":"Norse voyages across the North Atlantic","kind":"voyage","y0":894.8125,"y1":901.75,"to":1021,"last":false,"head":true,"rotate":165},"geometry":{"type":"Point","coordinates":[-27.8,63.375]}},{"type":"Feature","properties":{"id":"norse","name":"Norse voyages across the North Atlantic","kind":"voyage","y0":901.75,"y1":908.6875,"to":1021,"last":false},"geometry":{"type":"LineString","coordinates":[[-27.8,63.375],[-29.275,63.194]]}},{"type":"Feature","properties":{"id":"norse","name":"Norse voyages across the North Atlantic","kind":"voyage","y0":901.75,"y1":908.6875,"to":1021,"last":false,"head":true,"rotate":165},"geometry":{"type":"Point","coordinates":[-29.275,63.194]}},{"type":"Feature","properties":{"id":"norse","name":"Norse voyages across the North Atlantic","kind":"voyage","y0":908.6875,"y1":915.625,"to":1021,"last":false},"geometry":{"type":"LineString","coordinates":[[-29.275,63.194],[-30.75,63.012]]}},{"type":"Feature","properties":{"id":"norse","name":"Norse voyages across the North Atlantic","kind":"voyage","y0":908.6875,"y1":915.625,"to":1021,"last":false,"head":true,"rotate":165},"geometry":{"type":"Point","coordinates":[-30.75,63.012]}},{"type":"Feature","properties":{"id":"norse","name":"Norse voyages across the North Atlantic","kind":"voyage","y0":915.625,"y1":922.5625,"to":1021,"last":false},"geometry":{"type":"LineString","coordinates":[[-30.75,63.012],[-32.225,62.831]]}},{"type":"Feature","properties":{"id":"norse","name":"Norse voyages across the North Atlantic","kind":"voyage","y0":915.625,"y1":922.5625,"to":1021,"last":false,"head":true,"rotate":165},"geometry":{"type":"Point","coordinates":[-32.225,62.831]}},{"type":"Feature","properties":{"id":"norse","name":"Norse voyages across the North Atlantic","kind":"voyage","y0":922.5625,"y1":929.5,"to":1021,"last":false},"geometry":{"type":"LineString","coordinates":[[-32.225,62.831],[-33.7,62.65]]}},{"type":"Feature","properties":{"id":"norse","name":"Norse voyages across the North Atlantic","kind":"voyage","y0":922.5625,"y1":929.5,"to":1021,"last":false,"head":true,"rotate":165},"geometry":{"type":"Point","coordinates":[-33.7,62.65]}},{"type":"Feature","properties":{"id":"norse","name":"Norse voyages across the North Atlantic","kind":"voyage","y0":929.5,"y1":936.4375,"to":1021,"last":false},"geometry":{"type":"LineString","coordinates":[[-33.7,62.65],[-35.175,62.469]]}},{"type":"Feature","properties":{"id":"norse","name":"Norse voyages across the North Atlantic","kind":"voyage","y0":929.5,"y1":936.4375,"to":1021,"last":false,"head":true,"rotate":165},"geometry":{"type":"Point","coordinates":[-35.175,62.469]}},{"type":"Feature","properties":{"id":"norse","name":"Norse voyages across the North Atlantic","kind":"voyage","y0":936.4375,"y1":943.375,"to":1021,"last":false},"geometry":{"type":"LineString","coordinates":[[-35.175,62.469],[-36.65,62.288]]}},{"type":"Feature","properties":{"id":"norse","name":"Norse voyages across the North Atlantic","kind":"voyage","y0":936.4375,"y1":943.375,"to":1021,"last":false,"head":true,"rotate":165},"geometry":{"type":"Point","coordinates":[-36.65,62.288]}},{"type":"Feature","properties":{"id":"norse","name":"Norse voyages across the North Atlantic","kind":"voyage","y0":943.375,"y1":950.3125,"to":1021,"last":false},"geometry":{"type":"LineString","coordinates":[[-36.65,62.288],[-38.125,62.106]]}},{"type":"Feature","properties":{"id":"norse","name":"Norse voyages across the North Atlantic","kind":"voyage","y0":943.375,"y1":950.3125,"to":1021,"last":false,"head":true,"rotate":165},"geometry":{"type":"Point","coordinates":[-38.125,62.106]}},{"type":"Feature","properties":{"id":"norse","name":"Norse voyages across the North Atlantic","kind":"voyage","y0":950.3125,"y1":957.25,"to":1021,"last":false},"geometry":{"type":"LineString","coordinates":[[-38.125,62.106],[-39.6,61.925]]}},{"type":"Feature","properties":{"id":"norse","name":"Norse voyages across the North Atlantic","kind":"voyage","y0":950.3125,"y1":957.25,"to":1021,"last":false,"head":true,"rotate":165},"geometry":{"type":"Point","coordinates":[-39.6,61.925]}},{"type":"Feature","properties":{"id":"norse","name":"Norse voyages across the North Atlantic","kind":"voyage","y0":957.25,"y1":964.1875,"to":1021,"last":false},"geometry":{"type":"LineString","coordinates":[[-39.6,61.925],[-41.075,61.744]]}},{"type":"Feature","properties":{"id":"norse","name":"Norse voyages across the North Atlantic","kind":"voyage","y0":957.25,"y1":964.1875,"to":1021,"last":false,"head":true,"rotate":165},"geometry":{"type":"Point","coordinates":[-41.075,61.744]}},{"type":"Feature","properties":{"id":"norse","name":"Norse voyages across the North Atlantic","kind":"voyage","y0":964.1875,"y1":971.125,"to":1021,"last":false},"geometry":{"type":"LineString","coordinates":[[-41.075,61.744],[-42.55,61.563]]}},{"type":"Feature","properties":{"id":"norse","name":"Norse voyages across the North Atlantic","kind":"voyage","y0":964.1875,"y1":971.125,"to":1021,"last":false,"head":true,"rotate":165},"geometry":{"type":"Point","coordinates":[-42.55,61.563]}},{"type":"Feature","properties":{"id":"norse","name":"Norse voyages across the North Atlantic","kind":"voyage","y0":971.125,"y1":978.0625,"to":1021,"last":false},"geometry":{"type":"LineString","coordinates":[[-42.55,61.563],[-44.025,61.381]]}},{"type":"Feature","properties":{"id":"norse","name":"Norse voyages across the North Atlantic","kind":"voyage","y0":971.125,"y1":978.0625,"to":1021,"last":false,"head":true,"rotate":166},"geometry":{"type":"Point","coordinates":[-44.025,61.381]}},{"type":"Feature","properties":{"id":"norse","name":"Norse voyages across the North Atlantic","kind":"voyage","y0":978.0625,"y1":985,"to":1021,"last":false},"geometry":{"type":"LineString","coordinates":[[-44.025,61.381],[-45.5,61.2]]}},{"type":"Feature","properties":{"id":"norse","name":"Norse voyages across the North Atlantic","kind":"voyage","y0":978.0625,"y1":985,"to":1021,"last":false,"head":true,"rotate":166},"geometry":{"type":"Point","coordinates":[-45.5,61.2]}},{"type":"Feature","properties":{"id":"norse","name":"Norse voyages across the North Atlantic","kind":"voyage","y0":985,"y1":988.6,"to":1021,"last":false},"geometry":{"type":"LineString","coordinates":[[-45.5,61.2],[-46.5,60.24]]}},{"type":"Feature","properties":{"id":"norse","name":"Norse voyages across the North Atlantic","kind":"voyage","y0":985,"y1":988.6,"to":1021,"last":false,"head":true,"rotate":117},"geometry":{"type":"Point","coordinates":[-46.5,60.24]}},{"type":"Feature","properties":{"id":"norse","name":"Norse voyages across the North Atlantic","kind":"voyage","y0":988.6,"y1":992.2,"to":1021,"last":false},"geometry":{"type":"LineString","coordinates":[[-46.5,60.24],[-47.5,59.28]]}},{"type":"Feature","properties":{"id":"norse","name":"Norse voyages across the North Atlantic","kind":"voyage","y0":988.6,"y1":992.2,"to":1021,"last":false,"head":true,"rotate":118},"geometry":{"type":"Point","coordinates":[-47.5,59.28]}},{"type":"Feature","properties":{"id":"norse","name":"Norse voyages across the North Atlantic","kind":"voyage","y0":992.2,"y1":995.8,"to":1021,"last":false},"geometry":{"type":"LineString","coordinates":[[-47.5,59.28],[-48.5,58.32]]}},{"type":"Feature","properties":{"id":"norse","name":"Norse voyages across the North Atlantic","kind":"voyage","y0":992.2,"y1":995.8,"to":1021,"last":false,"head":true,"rotate":118},"geometry":{"type":"Point","coordinates":[-48.5,58.32]}},{"type":"Feature","properties":{"id":"norse","name":"Norse voyages across the North Atlantic","kind":"voyage","y0":995.8,"y1":999.4,"to":1021,"last":false},"geometry":{"type":"LineString","coordinates":[[-48.5,58.32],[-49.5,57.36]]}},{"type":"Feature","properties":{"id":"norse","name":"Norse voyages across the North Atlantic","kind":"voyage","y0":995.8,"y1":999.4,"to":1021,"last":false,"head":true,"rotate":119},"geometry":{"type":"Point","coordinates":[-49.5,57.36]}},{"type":"Feature","properties":{"id":"norse","name":"Norse voyages across the North Atlantic","kind":"voyage","y0":999.4,"y1":1003,"to":1021,"last":false},"geometry":{"type":"LineString","coordinates":[[-49.5,57.36],[-50.5,56.4]]}},{"type":"Feature","properties":{"id":"norse","name":"Norse voyages across the North Atlantic","kind":"voyage","y0":999.4,"y1":1003,"to":1021,"last":false,"head":true,"rotate":120},"geometry":{"type":"Point","coordinates":[-50.5,56.4]}},{"type":"Feature","properties":{"id":"norse","name":"Norse voyages across the North Atlantic","kind":"voyage","y0":1003,"y1":1006.6,"to":1021,"last":false},"geometry":{"type":"LineString","coordinates":[[-50.5,56.4],[-51.5,55.44]]}},{"type":"Feature","properties":{"id":"norse","name":"Norse voyages across the North Atlantic","kind":"voyage","y0":1003,"y1":1006.6,"to":1021,"last":false,"head":true,"rotate":120},"geometry":{"type":"Point","coordinates":[-51.5,55.44]}},{"type":"Feature","properties":{"id":"norse","name":"Norse voyages across the North Atlantic","kind":"voyage","y0":1006.6,"y1":1010.2,"to":1021,"last":false},"geometry":{"type":"LineString","coordinates":[[-51.5,55.44],[-52.5,54.48]]}},{"type":"Feature","properties":{"id":"norse","name":"Norse voyages across the North Atlantic","kind":"voyage","y0":1006.6,"y1":1010.2,"to":1021,"last":false,"head":true,"rotate":121},"geometry":{"type":"Point","coordinates":[-52.5,54.48]}},{"type":"Feature","properties":{"id":"norse","name":"Norse voyages across the North Atlantic","kind":"voyage","y0":1010.2,"y1":1013.8,"to":1021,"last":false},"geometry":{"type":"LineString","coordinates":[[-52.5,54.48],[-53.5,53.52]]}},{"type":"Feature","properties":{"id":"norse","name":"Norse voyages across the North Atlantic","kind":"voyage","y0":1010.2,"y1":1013.8,"to":1021,"last":false,"head":true,"rotate":121},"geometry":{"type":"Point","coordinates":[-53.5,53.52]}},{"type":"Feature","properties":{"id":"norse","name":"Norse voyages across the North Atlantic","kind":"voyage","y0":1013.8,"y1":1017.4,"to":1021,"last":false},"geometry":{"type":"LineString","coordinates":[[-53.5,53.52],[-54.5,52.56]]}},{"type":"Feature","properties":{"id":"norse","name":"Norse voyages across the North Atlantic","kind":"voyage","y0":1013.8,"y1":1017.4,"to":1021,"last":false,"head":true,"rotate":122},"geometry":{"type":"Point","coordinates":[-54.5,52.56]}},{"type":"Feature","properties":{"id":"norse","name":"Norse voyages across the North Atlantic","kind":"voyage","y0":1017.4,"y1":1021,"to":1021,"last":true},"geometry":{"type":"LineString","coordinates":[[-54.5,52.56],[-55.5,51.6]]}},{"type":"Feature","properties":{"id":"norse","name":"Norse voyages across the North Atlantic","kind":"voyage","y0":1017.4,"y1":1021,"to":1021,"last":true,"head":true,"rotate":123},"geometry":{"type":"Point","coordinates":[-55.5,51.6]}},{"type":"Feature","properties":{"id":"alexander","name":"Campaigns of Alexander the Great","kind":"campaign","y0":-335,"y1":-334.75,"to":-323,"last":false},"geometry":{"type":"LineString","coordinates":[[22.5,40.75],[23.7,40.613]]}},{"type":"Feature","properties":{"id":"alexander","name":"Campaigns of Alexander the Great","kind":"campaign","y0":-335,"y1":-334.75,"to":-323,"last":false,"head":true,"rotate":9},"geometry":{"type":"Point","coordinates":[23.7,40.613]}},{"type":"Feature","properties":{"id":"alexander","name":"Campaigns of Alexander the Great","kind":"campaign","y0":-334.75,"y1":-334.5,"to":-323,"last":false},"geometry":{"type":"LineString","coordinates":[[23.7,40.613],[24.9,40.475]]}},{"type":"Feature","properties":{"id":"alexander","name":"Campaigns of Alexander the Great","kind":"campaign","y0":-334.75,"y1":-334.5,"to":-323,"last":false,"head":true,"rotate":9},"geometry":{"type":"Point","coordinates":[24.9,40.475]}},{"type":"Feature","properties":{"id":"alexander","name":"Campaigns of Alexander the Great","kind":"campaign","y0":-334.5,"y1":-334.25,"to":-323,"last":false},"geometry":{"type":"LineString","coordinates":[[24.9,40.475],[26.1,40.338]]}},{"type":"Feature","properties":{"id":"alexander","name":"Campaigns of Alexander the Great","kind":"campaign","y0":-334.5,"y1":-334.25,"to":-323,"last":false,"head":true,"rotate":9},"geometry":{"type":"Point","coordinates":[26.1,40.338]}},{"type":"Feature","properties":{"id":"alexander","name":"Campaigns of Alexander the Great","kind":"campaign","y0":-334.25,"y1":-334,"to":-323,"last":false},"geometry":{"type":"LineString","coordinates":[[26.1,40.338],[27.3,40.2]]}},{"type":"Feature","properties":{"id":"alexander","name":"Campaigns of Alexander the Great","kind":"campaign","y0":-334.25,"y1":-334,"to":-323,"last":false,"head":true,"rotate":9},"geometry":{"type":"Point","coordinates":[27.3,40.2]}},{"type":"Feature","properties":{"id":"alexander","name":"Campaigns of Alexander the Great","kind":"campaign","y0":-334,"y1":-333.85714285714283,"to":-323,"last":false},"geometry":{"type":"LineString","coordinates":[[27.3,40.2],[28.571,39.714]]}},{"type":"Feature","properties":{"id":"alexander","name":"Campaigns of Alexander the Great","kind":"campaign","y0":-334,"y1":-333.85714285714283,"to":-323,"last":false,"head":true,"rotate":26},"geometry":{"type":"Point","coordinates":[28.571,39.714]}},{"type":"Feature","properties":{"id":"alexander","name":"Campaigns of Alexander the Great","kind":"campaign","y0":-333.85714285714283,"y1":-333.7142857142857,"to":-323,"last":false},"geometry":{"type":"LineString","coordinates":[[28.571,39.714],[29.843,39.229]]}},{"type":"Feature","properties":{"id":"alexander","name":"Campaigns of Alexander the Great","kind":"campaign","y0":-333.85714285714283,"y1":-333.7142857142857,"to":-323,"last":false,"head":true,"rotate":26},"geometry":{"type":"Point","coordinates":[29.843,39.229]}},{"type":"Feature","properties":{"id":"alexander","name":"Campaigns of Alexander the Great","kind":"campaign","y0":-333.7142857142857,"y1":-333.57142857142856,"to":-323,"last":false},"geometry":{"type":"LineString","coordinates":[[29.843,39.229],[31.114,38.743]]}},{"type":"Feature","properties":{"id":"alexander","name":"Campaigns of Alexander the Great","kind":"campaign","y0":-333.7142857142857,"y1":-333.57142857142856,"to":-323,"last":false,"head":true,"rotate":26},"geometry":{"type":"Point","coordinates":[31.114,38.743]}},{"type":"Feature","properties":{"id":"alexander","name":"Campaigns of Alexander the Great","kind":"campaign","y0":-333.57142857142856,"y1":-333.42857142857144,"to":-323,"last":false},"geometry":{"type":"LineString","coordinates":[[31.114,38.743],[32.386,38.257]]}},{"type":"Feature","properties":{"id":"alexander","name":"Campaigns of Alexander the Great","kind":"campaign","y0":-333.57142857142856,"y1":-333.42857142857144,"to":-323,"last":false,"head":true,"rotate":26},"geometry":{"type":"Point","coordinates":[32.386,38.257]}},{"type":"Feature","properties":{"id":"alexander","name":"Campaigns of Alexander the Great","kind":"campaign","y0":-333.42857142857144,"y1":-333.2857142857143,"to":-323,"last":false},"geometry":{"type":"LineString","coordinates":[[32.386,38.257],[33.657,37.771]]}},{"type":"Feature","properties":{"id":"alexander","name":"Campaigns of Alexander the Great","kind":"campaign","y0":-333.42857142857144,"y1":-333.2857142857143,"to":-323,"last":false,"head":true,"rotate":26},"geometry":{"type":"Point","coordinates":[33.657,37.771]}},{"type":"Feature","properties":{"id":"alexander","name":"Campaigns of Alexander the Great","kind":"campaign","y0":-333.2857142857143,"y1":-333.14285714285717,"to":-323,"last":false},"geometry":{"type":"LineString","coordinates":[[33.657,37.771],[34.929,37.286]]}},{"type":"Feature","properties":{"id":"alexander","name":"Campaigns of Alexander the Great","kind":"campaign","y0":-333.2857142857143,"y1":-333.14285714285717,"to":-323,"last":false,"head":true,"rotate":26},"geometry":{"type":"Point","coordinates":[34.929,37.286]}},{"type":"Feature","properties":{"id":"alexander","name":"Campaigns of Alexander the Great","kind":"campaign","y0":-333.14285714285717,"y1":-333,"to":-323,"last":false},"geometry":{"type":"LineString","coordinates":[[34.929,37.286],[36.2,36.8]]}},{"type":"Feature","properties":{"id":"alexander","name":"Campaigns of Alexander the Great","kind":"campaign","y0":-333.14285714285717,"y1":-333,"to":-323,"last":false,"head":true,"rotate":26},"geometry":{"type":"Point","coordinates":[36.2,36.8]}},{"type":"Feature","properties":{"id":"alexander","name":"Campaigns of Alexander the Great","kind":"campaign","y0":-333,"y1":-332.6666666666667,"to":-323,"last":false},"geometry":{"type":"LineString","coordinates":[[36.2,36.8],[35.867,35.623]]}},{"type":"Feature","properties":{"id":"alexander","name":"Campaigns of Alexander the Great","kind":"campaign","y0":-333,"y1":-332.6666666666667,"to":-323,"last":false,"head":true,"rotate":103},"geometry":{"type":"Point","coordinates":[35.867,35.623]}},{"type":"Feature","properties":{"id":"alexander","name":"Campaigns of Alexander the Great","kind":"campaign","y0":-332.6666666666667,"y1":-332.3333333333333,"to":-323,"last":false},"geometry":{"type":"LineString","coordinates":[[35.867,35.623],[35.533,34.447]]}},{"type":"Feature","properties":{"id":"alexander","name":"Campaigns of Alexander the Great","kind":"campaign","y0":-332.6666666666667,"y1":-332.3333333333333,"to":-323,"last":false,"head":true,"rotate":103},"geometry":{"type":"Point","coordinates":[35.533,34.447]}},{"type":"Feature","properties":{"id":"alexander","name":"Campaigns of Alexander the Great","kind":"campaign","y0":-332.3333333333333,"y1":-332,"to":-323,"last":false},"geometry":{"type":"LineString","coordinates":[[35.533,34.447],[35.2,33.27]]}},{"type":"Feature","properties":{"id":"alexander","name":"Campaigns of Alexander the Great","kind":"campaign","y0":-332.3333333333333,"y1":-332,"to":-323,"last":false,"head":true,"rotate":103},"geometry":{"type":"Point","coordinates":[35.2,33.27]}},{"type":"Feature","properties":{"id":"alexander","name":"Campaigns of Alexander the Great","kind":"campaign","y0":-332,"y1":-331.75,"to":-323,"last":false},"geometry":{"type":"LineString","coordinates":[[35.2,33.27],[33.875,32.753]]}},{"type":"Feature","properties":{"id":"alexander","name":"Campaigns of Alexander the Great","kind":"campaign","y0":-332,"y1":-331.75,"to":-323,"last":false,"head":true,"rotate":155},"geometry":{"type":"Point","coordinates":[33.875,32.753]}},{"type":"Feature","properties":{"id":"alexander","name":"Campaigns of Alexander the Great","kind":"campaign","y0":-331.75,"y1":-331.5,"to":-323,"last":false},"geometry":{"type":"LineString","coordinates":[[33.875,32.753],[32.55,32.235]]}},{"type":"Feature","properties":{"id":"alexander","name":"Campaigns of Alexander the Great","kind":"campaign","y0":-331.75,"y1":-331.5,"to":-323,"last":false,"head":true,"rotate":155},"geometry":{"type":"Point","coordinates":[32.55,32.235]}},{"type":"Feature","properties":{"id":"alexander","name":"Campaigns of Alexander the Great","kind":"campaign","y0":-331.5,"y1":-331.25,"to":-323,"last":false},"geometry":{"type":"LineString","coordinates":[[32.55,32.235],[31.225,31.718]]}},{"type":"Feature","properties":{"id":"alexander","name":"Campaigns of Alexander the Great","kind":"campaign","y0":-331.5,"y1":-331.25,"to":-323,"last":false,"head":true,"rotate":155},"geometry":{"type":"Point","coordinates":[31.225,31.718]}},{"type":"Feature","properties":{"id":"alexander","name":"Campaigns of Alexander the Great","kind":"campaign","y0":-331.25,"y1":-331,"to":-323,"last":false},"geometry":{"type":"LineString","coordinates":[[31.225,31.718],[29.9,31.2]]}},{"type":"Feature","properties":{"id":"alexander","name":"Campaigns of Alexander the Great","kind":"campaign","y0":-331.25,"y1":-331,"to":-323,"last":false,"head":true,"rotate":155},"geometry":{"type":"Point","coordinates":[29.9,31.2]}},{"type":"Feature","properties":{"id":"alexander","name":"Campaigns of Alexander the Great","kind":"campaign","y0":-331,"y1":-331,"to":-323,"last":false},"geometry":{"type":"LineString","coordinates":[[29.9,31.2],[31.26,31.73]]}},{"type":"Feature","properties":{"id":"alexander","name":"Campaigns of Alexander the Great","kind":"campaign","y0":-331,"y1":-331,"to":-323,"last":false,"head":true,"rotate":-25},"geometry":{"type":"Point","coordinates":[31.26,31.73]}},{"type":"Feature","properties":{"id":"alexander","name":"Campaigns of Alexander the Great","kind":"campaign","y0":-331,"y1":-331,"to":-323,"last":false},"geometry":{"type":"LineString","coordinates":[[31.26,31.73],[32.62,32.26]]}},{"type":"Feature","properties":{"id":"alexander","name":"Campaigns of Alexander the Great","kind":"campaign","y0":-331,"y1":-331,"to":-323,"last":false,"head":true,"rotate":-25},"geometry":{"type":"Point","coordinates":[32.62,32.26]}},{"type":"Feature","properties":{"id":"alexander","name":"Campaigns of Alexander the Great","kind":"campaign","y0":-331,"y1":-331,"to":-323,"last":false},"geometry":{"type":"LineString","coordinates":[[32.62,32.26],[33.98,32.79]]}},{"type":"Feature","properties":{"id":"alexander","name":"Campaigns of Alexander the Great","kind":"campaign","y0":-331,"y1":-331,"to":-323,"last":false,"head":true,"rotate":-25},"geometry":{"type":"Point","coordinates":[33.98,32.79]}},{"type":"Feature","properties":{"id":"alexander","name":"Campaigns of Alexander the Great","kind":"campaign","y0":-331,"y1":-331,"to":-323,"last":false},"geometry":{"type":"LineString","coordinates":[[33.98,32.79],[35.34,33.32]]}},{"type":"Feature","properties":{"id":"alexander","name":"Campaigns of Alexander the Great","kind":"campaign","y0":-331,"y1":-331,"to":-323,"last":false,"head":true,"rotate":-25},"geometry":{"type":"Point","coordinates":[35.34,33.32]}},{"type":"Feature","properties":{"id":"alexander","name":"Campaigns of Alexander the Great","kind":"campaign","y0":-331,"y1":-331,"to":-323,"last":false},"geometry":{"type":"LineString","coordinates":[[35.34,33.32],[36.7,33.85]]}},{"type":"Feature","properties":{"id":"alexander","name":"Campaigns of Alexander the Great","kind":"campaign","y0":-331,"y1":-331,"to":-323,"last":false,"head":true,"rotate":-25},"geometry":{"type":"Point","coordinates":[36.7,33.85]}},{"type":"Feature","properties":{"id":"alexander","name":"Campaigns of Alexander the Great","kind":"campaign","y0":-331,"y1":-331,"to":-323,"last":false},"geometry":{"type":"LineString","coordinates":[[36.7,33.85],[38.06,34.38]]}},{"type":"Feature","properties":{"id":"alexander","name":"Campaigns of Alexander the Great","kind":"campaign","y0":-331,"y1":-331,"to":-323,"last":false,"head":true,"rotate":-25},"geometry":{"type":"Point","coordinates":[38.06,34.38]}},{"type":"Feature","properties":{"id":"alexander","name":"Campaigns of Alexander the Great","kind":"campaign","y0":-331,"y1":-331,"to":-323,"last":false},"geometry":{"type":"LineString","coordinates":[[38.06,34.38],[39.42,34.91]]}},{"type":"Feature","properties":{"id":"alexander","name":"Campaigns of Alexander the Great","kind":"campaign","y0":-331,"y1":-331,"to":-323,"last":false,"head":true,"rotate":-25},"geometry":{"type":"Point","coordinates":[39.42,34.91]}},{"type":"Feature","properties":{"id":"alexander","name":"Campaigns of Alexander the Great","kind":"campaign","y0":-331,"y1":-331,"to":-323,"last":false},"geometry":{"type":"LineString","coordinates":[[39.42,34.91],[40.78,35.44]]}},{"type":"Feature","properties":{"id":"alexander","name":"Campaigns of Alexander the Great","kind":"campaign","y0":-331,"y1":-331,"to":-323,"last":false,"head":true,"rotate":-25},"geometry":{"type":"Point","coordinates":[40.78,35.44]}},{"type":"Feature","properties":{"id":"alexander","name":"Campaigns of Alexander the Great","kind":"campaign","y0":-331,"y1":-331,"to":-323,"last":false},"geometry":{"type":"LineString","coordinates":[[40.78,35.44],[42.14,35.97]]}},{"type":"Feature","properties":{"id":"alexander","name":"Campaigns of Alexander the Great","kind":"campaign","y0":-331,"y1":-331,"to":-323,"last":false,"head":true,"rotate":-26},"geometry":{"type":"Point","coordinates":[42.14,35.97]}},{"type":"Feature","properties":{"id":"alexander","name":"Campaigns of Alexander the Great","kind":"campaign","y0":-331,"y1":-331,"to":-323,"last":false},"geometry":{"type":"LineString","coordinates":[[42.14,35.97],[43.5,36.5]]}},{"type":"Feature","properties":{"id":"alexander","name":"Campaigns of Alexander the Great","kind":"campaign","y0":-331,"y1":-331,"to":-323,"last":false,"head":true,"rotate":-26},"geometry":{"type":"Point","coordinates":[43.5,36.5]}},{"type":"Feature","properties":{"id":"alexander","name":"Campaigns of Alexander the Great","kind":"campaign","y0":-331,"y1":-330.875,"to":-323,"last":false},"geometry":{"type":"LineString","coordinates":[[43.5,36.5],[44.675,35.675]]}},{"type":"Feature","properties":{"id":"alexander","name":"Campaigns of Alexander the Great","kind":"campaign","y0":-331,"y1":-330.875,"to":-323,"last":false,"head":true,"rotate":41},"geometry":{"type":"Point","coordinates":[44.675,35.675]}},{"type":"Feature","properties":{"id":"alexander","name":"Campaigns of Alexander the Great","kind":"campaign","y0":-330.875,"y1":-330.75,"to":-323,"last":false},"geometry":{"type":"LineString","coordinates":[[44.675,35.675],[45.85,34.85]]}},{"type":"Feature","properties":{"id":"alexander","name":"Campaigns of Alexander the Great","kind":"campaign","y0":-330.875,"y1":-330.75,"to":-323,"last":false,"head":true,"rotate":41},"geometry":{"type":"Point","coordinates":[45.85,34.85]}},{"type":"Feature","properties":{"id":"alexander","name":"Campaigns of Alexander the Great","kind":"campaign","y0":-330.75,"y1":-330.625,"to":-323,"last":false},"geometry":{"type":"LineString","coordinates":[[45.85,34.85],[47.025,34.025]]}},{"type":"Feature","properties":{"id":"alexander","name":"Campaigns of Alexander the Great","kind":"campaign","y0":-330.75,"y1":-330.625,"to":-323,"last":false,"head":true,"rotate":40},"geometry":{"type":"Point","coordinates":[47.025,34.025]}},{"type":"Feature","properties":{"id":"alexander","name":"Campaigns of Alexander the Great","kind":"campaign","y0":-330.625,"y1":-330.5,"to":-323,"last":false},"geometry":{"type":"LineString","coordinates":[[47.025,34.025],[48.2,33.2]]}},{"type":"Feature","properties":{"id":"alexander","name":"Campaigns of Alexander the Great","kind":"campaign","y0":-330.625,"y1":-330.5,"to":-323,"last":false,"head":true,"rotate":40},"geometry":{"type":"Point","coordinates":[48.2,33.2]}},{"type":"Feature","properties":{"id":"alexander","name":"Campaigns of Alexander the Great","kind":"campaign","y0":-330.5,"y1":-330.375,"to":-323,"last":false},"geometry":{"type":"LineString","coordinates":[[48.2,33.2],[49.375,32.375]]}},{"type":"Feature","properties":{"id":"alexander","name":"Campaigns of Alexander the Great","kind":"campaign","y0":-330.5,"y1":-330.375,"to":-323,"last":false,"head":true,"rotate":40},"geometry":{"type":"Point","coordinates":[49.375,32.375]}},{"type":"Feature","properties":{"id":"alexander","name":"Campaigns of Alexander the Great","kind":"campaign","y0":-330.375,"y1":-330.25,"to":-323,"last":false},"geometry":{"type":"LineString","coordinates":[[49.375,32.375],[50.55,31.55]]}},{"type":"Feature","properties":{"id":"alexander","name":"Campaigns of Alexander the Great","kind":"campaign","y0":-330.375,"y1":-330.25,"to":-323,"last":false,"head":true,"rotate":40},"geometry":{"type":"Point","coordinates":[50.55,31.55]}},{"type":"Feature","properties":{"id":"alexander","name":"Campaigns of Alexander the Great","kind":"campaign","y0":-330.25,"y1":-330.125,"to":-323,"last":false},"geometry":{"type":"LineString","coordinates":[[50.55,31.55],[51.725,30.725]]}},{"type":"Feature","properties":{"id":"alexander","name":"Campaigns of Alexander the Great","kind":"campaign","y0":-330.25,"y1":-330.125,"to":-323,"last":false,"head":true,"rotate":39},"geometry":{"type":"Point","coordinates":[51.725,30.725]}},{"type":"Feature","properties":{"id":"alexander","name":"Campaigns of Alexander the Great","kind":"campaign","y0":-330.125,"y1":-330,"to":-323,"last":false},"geometry":{"type":"LineString","coordinates":[[51.725,30.725],[52.9,29.9]]}},{"type":"Feature","properties":{"id":"alexander","name":"Campaigns of Alexander the Great","kind":"campaign","y0":-330.125,"y1":-330,"to":-323,"last":false,"head":true,"rotate":39},"geometry":{"type":"Point","coordinates":[52.9,29.9]}},{"type":"Feature","properties":{"id":"alexander","name":"Campaigns of Alexander the Great","kind":"campaign","y0":-330,"y1":-329.90909090909093,"to":-323,"last":false},"geometry":{"type":"LineString","coordinates":[[52.9,29.9],[54.173,30.523]]}},{"type":"Feature","properties":{"id":"alexander","name":"Campaigns of Alexander the Great","kind":"campaign","y0":-330,"y1":-329.90909090909093,"to":-323,"last":false,"head":true,"rotate":-30},"geometry":{"type":"Point","coordinates":[54.173,30.523]}},{"type":"Feature","properties":{"id":"alexander","name":"Campaigns of Alexander the Great","kind":"campaign","y0":-329.90909090909093,"y1":-329.8181818181818,"to":-323,"last":false},"geometry":{"type":"LineString","coordinates":[[54.173,30.523],[55.445,31.145]]}},{"type":"Feature","properties":{"id":"alexander","name":"Campaigns of Alexander the Great","kind":"campaign","y0":-329.90909090909093,"y1":-329.8181818181818,"to":-323,"last":false,"head":true,"rotate":-30},"geometry":{"type":"Point","coordinates":[55.445,31.145]}},{"type":"Feature","properties":{"id":"alexander","name":"Campaigns of Alexander the Great","kind":"campaign","y0":-329.8181818181818,"y1":-329.72727272727275,"to":-323,"last":false},"geometry":{"type":"LineString","coordinates":[[55.445,31.145],[56.718,31.768]]}},{"type":"Feature","properties":{"id":"alexander","name":"Campaigns of Alexander the Great","kind":"campaign","y0":-329.8181818181818,"y1":-329.72727272727275,"to":-323,"last":false,"head":true,"rotate":-30},"geometry":{"type":"Point","coordinates":[56.718,31.768]}},{"type":"Feature","properties":{"id":"alexander","name":"Campaigns of Alexander the Great","kind":"campaign","y0":-329.72727272727275,"y1":-329.6363636363636,"to":-323,"last":false},"geometry":{"type":"LineString","coordinates":[[56.718,31.768],[57.991,32.391]]}},{"type":"Feature","properties":{"id":"alexander","name":"Campaigns of Alexander the Great","kind":"campaign","y0":-329.72727272727275,"y1":-329.6363636363636,"to":-323,"last":false,"head":true,"rotate":-30},"geometry":{"type":"Point","coordinates":[57.991,32.391]}},{"type":"Feature","properties":{"id":"alexander","name":"Campaigns of Alexander the Great","kind":"campaign","y0":-329.6363636363636,"y1":-329.54545454545456,"to":-323,"last":false},"geometry":{"type":"LineString","coordinates":[[57.991,32.391],[59.264,33.014]]}},{"type":"Feature","properties":{"id":"alexander","name":"Campaigns of Alexander the Great","kind":"campaign","y0":-329.6363636363636,"y1":-329.54545454545456,"to":-323,"last":false,"head":true,"rotate":-30},"geometry":{"type":"Point","coordinates":[59.264,33.014]}},{"type":"Feature","properties":{"id":"alexander","name":"Campaigns of Alexander the Great","kind":"campaign","y0":-329.54545454545456,"y1":-329.45454545454544,"to":-323,"last":false},"geometry":{"type":"LineString","coordinates":[[59.264,33.014],[60.536,33.636]]}},{"type":"Feature","properties":{"id":"alexander","name":"Campaigns of Alexander the Great","kind":"campaign","y0":-329.54545454545456,"y1":-329.45454545454544,"to":-323,"last":false,"head":true,"rotate":-30},"geometry":{"type":"Point","coordinates":[60.536,33.636]}},{"type":"Feature","properties":{"id":"alexander","name":"Campaigns of Alexander the Great","kind":"campaign","y0":-329.45454545454544,"y1":-329.3636363636364,"to":-323,"last":false},"geometry":{"type":"LineString","coordinates":[[60.536,33.636],[61.809,34.259]]}},{"type":"Feature","properties":{"id":"alexander","name":"Campaigns of Alexander the Great","kind":"campaign","y0":-329.45454545454544,"y1":-329.3636363636364,"to":-323,"last":false,"head":true,"rotate":-31},"geometry":{"type":"Point","coordinates":[61.809,34.259]}},{"type":"Feature","properties":{"id":"alexander","name":"Campaigns of Alexander the Great","kind":"campaign","y0":-329.3636363636364,"y1":-329.27272727272725,"to":-323,"last":false},"geometry":{"type":"LineString","coordinates":[[61.809,34.259],[63.082,34.882]]}},{"type":"Feature","properties":{"id":"alexander","name":"Campaigns of Alexander the Great","kind":"campaign","y0":-329.3636363636364,"y1":-329.27272727272725,"to":-323,"last":false,"head":true,"rotate":-31},"geometry":{"type":"Point","coordinates":[63.082,34.882]}},{"type":"Feature","properties":{"id":"alexander","name":"Campaigns of Alexander the Great","kind":"campaign","y0":-329.27272727272725,"y1":-329.1818181818182,"to":-323,"last":false},"geometry":{"type":"LineString","coordinates":[[63.082,34.882],[64.355,35.505]]}},{"type":"Feature","properties":{"id":"alexander","name":"Campaigns of Alexander the Great","kind":"campaign","y0":-329.27272727272725,"y1":-329.1818181818182,"to":-323,"last":false,"head":true,"rotate":-31},"geometry":{"type":"Point","coordinates":[64.355,35.505]}},{"type":"Feature","properties":{"id":"alexander","name":"Campaigns of Alexander the Great","kind":"campaign","y0":-329.1818181818182,"y1":-329.09090909090907,"to":-323,"last":false},"geometry":{"type":"LineString","coordinates":[[64.355,35.505],[65.627,36.127]]}},{"type":"Feature","properties":{"id":"alexander","name":"Campaigns of Alexander the Great","kind":"campaign","y0":-329.1818181818182,"y1":-329.09090909090907,"to":-323,"last":false,"head":true,"rotate":-31},"geometry":{"type":"Point","coordinates":[65.627,36.127]}},{"type":"Feature","properties":{"id":"alexander","name":"Campaigns of Alexander the Great","kind":"campaign","y0":-329.09090909090907,"y1":-329,"to":-323,"last":false},"geometry":{"type":"LineString","coordinates":[[65.627,36.127],[66.9,36.75]]}},{"type":"Feature","properties":{"id":"alexander","name":"Campaigns of Alexander the Great","kind":"campaign","y0":-329.09090909090907,"y1":-329,"to":-323,"last":false,"head":true,"rotate":-31},"geometry":{"type":"Point","coordinates":[66.9,36.75]}},{"type":"Feature","properties":{"id":"alexander","name":"Campaigns of Alexander the Great","kind":"campaign","y0":-329,"y1":-328.5,"to":-323,"last":false},"geometry":{"type":"LineString","coordinates":[[66.9,36.75],[68,36.108]]}},{"type":"Feature","properties":{"id":"alexander","name":"Campaigns of Alexander the Great","kind":"campaign","y0":-329,"y1":-328.5,"to":-323,"last":false,"head":true,"rotate":36},"geometry":{"type":"Point","coordinates":[68,36.108]}},{"type":"Feature","properties":{"id":"alexander","name":"Campaigns of Alexander the Great","kind":"campaign","y0":-328.5,"y1":-328,"to":-323,"last":false},"geometry":{"type":"LineString","coordinates":[[68,36.108],[69.1,35.467]]}},{"type":"Feature","properties":{"id":"alexander","name":"Campaigns of Alexander the Great","kind":"campaign","y0":-328.5,"y1":-328,"to":-323,"last":false,"head":true,"rotate":36},"geometry":{"type":"Point","coordinates":[69.1,35.467]}},{"type":"Feature","properties":{"id":"alexander","name":"Campaigns of Alexander the Great","kind":"campaign","y0":-328,"y1":-327.5,"to":-323,"last":false},"geometry":{"type":"LineString","coordinates":[[69.1,35.467],[70.2,34.825]]}},{"type":"Feature","properties":{"id":"alexander","name":"Campaigns of Alexander the Great","kind":"campaign","y0":-328,"y1":-327.5,"to":-323,"last":false,"head":true,"rotate":36},"geometry":{"type":"Point","coordinates":[70.2,34.825]}},{"type":"Feature","properties":{"id":"alexander","name":"Campaigns of Alexander the Great","kind":"campaign","y0":-327.5,"y1":-327,"to":-323,"last":false},"geometry":{"type":"LineString","coordinates":[[70.2,34.825],[71.3,34.183]]}},{"type":"Feature","properties":{"id":"alexander","name":"Campaigns of Alexander the Great","kind":"campaign","y0":-327.5,"y1":-327,"to":-323,"last":false,"head":true,"rotate":35},"geometry":{"type":"Point","coordinates":[71.3,34.183]}},{"type":"Feature","properties":{"id":"alexander","name":"Campaigns of Alexander the Great","kind":"campaign","y0":-327,"y1":-326.5,"to":-323,"last":false},"geometry":{"type":"LineString","coordinates":[[71.3,34.183],[72.4,33.542]]}},{"type":"Feature","properties":{"id":"alexander","name":"Campaigns of Alexander the Great","kind":"campaign","y0":-327,"y1":-326.5,"to":-323,"last":false,"head":true,"rotate":35},"geometry":{"type":"Point","coordinates":[72.4,33.542]}},{"type":"Feature","properties":{"id":"alexander","name":"Campaigns of Alexander the Great","kind":"campaign","y0":-326.5,"y1":-326,"to":-323,"last":false},"geometry":{"type":"LineString","coordinates":[[72.4,33.542],[73.5,32.9]]}},{"type":"Feature","properties":{"id":"alexander","name":"Campaigns of Alexander the Great","kind":"campaign","y0":-326.5,"y1":-326,"to":-323,"last":false,"head":true,"rotate":35},"geometry":{"type":"Point","coordinates":[73.5,32.9]}},{"type":"Feature","properties":{"id":"alexander","name":"Campaigns of Alexander the Great","kind":"campaign","y0":-326,"y1":-325.85,"to":-323,"last":false},"geometry":{"type":"LineString","coordinates":[[73.5,32.9],[72.045,32.88]]}},{"type":"Feature","properties":{"id":"alexander","name":"Campaigns of Alexander the Great","kind":"campaign","y0":-326,"y1":-325.85,"to":-323,"last":false,"head":true,"rotate":179},"geometry":{"type":"Point","coordinates":[72.045,32.88]}},{"type":"Feature","properties":{"id":"alexander","name":"Campaigns of Alexander the Great","kind":"campaign","y0":-325.85,"y1":-325.7,"to":-323,"last":false},"geometry":{"type":"LineString","coordinates":[[72.045,32.88],[70.59,32.86]]}},{"type":"Feature","properties":{"id":"alexander","name":"Campaigns of Alexander the Great","kind":"campaign","y0":-325.85,"y1":-325.7,"to":-323,"last":false,"head":true,"rotate":179},"geometry":{"type":"Point","coordinates":[70.59,32.86]}},{"type":"Feature","properties":{"id":"alexander","name":"Campaigns of Alexander the Great","kind":"campaign","y0":-325.7,"y1":-325.55,"to":-323,"last":false},"geometry":{"type":"LineString","coordinates":[[70.59,32.86],[69.135,32.84]]}},{"type":"Feature","properties":{"id":"alexander","name":"Campaigns of Alexander the Great","kind":"campaign","y0":-325.7,"y1":-325.55,"to":-323,"last":false,"head":true,"rotate":179},"geometry":{"type":"Point","coordinates":[69.135,32.84]}},{"type":"Feature","properties":{"id":"alexander","name":"Campaigns of Alexander the Great","kind":"campaign","y0":-325.55,"y1":-325.4,"to":-323,"last":false},"geometry":{"type":"LineString","coordinates":[[69.135,32.84],[67.68,32.82]]}},{"type":"Feature","properties":{"id":"alexander","name":"Campaigns of Alexander the Great","kind":"campaign","y0":-325.55,"y1":-325.4,"to":-323,"last":false,"head":true,"rotate":179},"geometry":{"type":"Point","coordinates":[67.68,32.82]}},{"type":"Feature","properties":{"id":"alexander","name":"Campaigns of Alexander the Great","kind":"campaign","y0":-325.4,"y1":-325.25,"to":-323,"last":false},"geometry":{"type":"LineString","coordinates":[[67.68,32.82],[66.225,32.8]]}},{"type":"Feature","properties":{"id":"alexander","name":"Campaigns of Alexander the Great","kind":"campaign","y0":-325.4,"y1":-325.25,"to":-323,"last":false,"head":true,"rotate":179},"geometry":{"type":"Point","coordinates":[66.225,32.8]}},{"type":"Feature","properties":{"id":"alexander","name":"Campaigns of Alexander the Great","kind":"campaign","y0":-325.25,"y1":-325.1,"to":-323,"last":false},"geometry":{"type":"LineString","coordinates":[[66.225,32.8],[64.77,32.78]]}},{"type":"Feature","properties":{"id":"alexander","name":"Campaigns of Alexander the Great","kind":"campaign","y0":-325.25,"y1":-325.1,"to":-323,"last":false,"head":true,"rotate":179},"geometry":{"type":"Point","coordinates":[64.77,32.78]}},{"type":"Feature","properties":{"id":"alexander","name":"Campaigns of Alexander the Great","kind":"campaign","y0":-325.1,"y1":-324.95,"to":-323,"last":false},"geometry":{"type":"LineString","coordinates":[[64.77,32.78],[63.315,32.76]]}},{"type":"Feature","properties":{"id":"alexander","name":"Campaigns of Alexander the Great","kind":"campaign","y0":-325.1,"y1":-324.95,"to":-323,"last":false,"head":true,"rotate":179},"geometry":{"type":"Point","coordinates":[63.315,32.76]}},{"type":"Feature","properties":{"id":"alexander","name":"Campaigns of Alexander the Great","kind":"campaign","y0":-324.95,"y1":-324.8,"to":-323,"last":false},"geometry":{"type":"LineString","coordinates":[[63.315,32.76],[61.86,32.74]]}},{"type":"Feature","properties":{"id":"alexander","name":"Campaigns of Alexander the Great","kind":"campaign","y0":-324.95,"y1":-324.8,"to":-323,"last":false,"head":true,"rotate":179},"geometry":{"type":"Point","coordinates":[61.86,32.74]}},{"type":"Feature","properties":{"id":"alexander","name":"Campaigns of Alexander the Great","kind":"campaign","y0":-324.8,"y1":-324.65,"to":-323,"last":false},"geometry":{"type":"LineString","coordinates":[[61.86,32.74],[60.405,32.72]]}},{"type":"Feature","properties":{"id":"alexander","name":"Campaigns of Alexander the Great","kind":"campaign","y0":-324.8,"y1":-324.65,"to":-323,"last":false,"head":true,"rotate":179},"geometry":{"type":"Point","coordinates":[60.405,32.72]}},{"type":"Feature","properties":{"id":"alexander","name":"Campaigns of Alexander the Great","kind":"campaign","y0":-324.65,"y1":-324.5,"to":-323,"last":false},"geometry":{"type":"LineString","coordinates":[[60.405,32.72],[58.95,32.7]]}},{"type":"Feature","properties":{"id":"alexander","name":"Campaigns of Alexander the Great","kind":"campaign","y0":-324.65,"y1":-324.5,"to":-323,"last":false,"head":true,"rotate":179},"geometry":{"type":"Point","coordinates":[58.95,32.7]}},{"type":"Feature","properties":{"id":"alexander","name":"Campaigns of Alexander the Great","kind":"campaign","y0":-324.5,"y1":-324.35,"to":-323,"last":false},"geometry":{"type":"LineString","coordinates":[[58.95,32.7],[57.495,32.68]]}},{"type":"Feature","properties":{"id":"alexander","name":"Campaigns of Alexander the Great","kind":"campaign","y0":-324.5,"y1":-324.35,"to":-323,"last":false,"head":true,"rotate":179},"geometry":{"type":"Point","coordinates":[57.495,32.68]}},{"type":"Feature","properties":{"id":"alexander","name":"Campaigns of Alexander the Great","kind":"campaign","y0":-324.35,"y1":-324.2,"to":-323,"last":false},"geometry":{"type":"LineString","coordinates":[[57.495,32.68],[56.04,32.66]]}},{"type":"Feature","properties":{"id":"alexander","name":"Campaigns of Alexander the Great","kind":"campaign","y0":-324.35,"y1":-324.2,"to":-323,"last":false,"head":true,"rotate":179},"geometry":{"type":"Point","coordinates":[56.04,32.66]}},{"type":"Feature","properties":{"id":"alexander","name":"Campaigns of Alexander the Great","kind":"campaign","y0":-324.2,"y1":-324.05,"to":-323,"last":false},"geometry":{"type":"LineString","coordinates":[[56.04,32.66],[54.585,32.64]]}},{"type":"Feature","properties":{"id":"alexander","name":"Campaigns of Alexander the Great","kind":"campaign","y0":-324.2,"y1":-324.05,"to":-323,"last":false,"head":true,"rotate":179},"geometry":{"type":"Point","coordinates":[54.585,32.64]}},{"type":"Feature","properties":{"id":"alexander","name":"Campaigns of Alexander the Great","kind":"campaign","y0":-324.05,"y1":-323.9,"to":-323,"last":false},"geometry":{"type":"LineString","coordinates":[[54.585,32.64],[53.13,32.62]]}},{"type":"Feature","properties":{"id":"alexander","name":"Campaigns of Alexander the Great","kind":"campaign","y0":-324.05,"y1":-323.9,"to":-323,"last":false,"head":true,"rotate":179},"geometry":{"type":"Point","coordinates":[53.13,32.62]}},{"type":"Feature","properties":{"id":"alexander","name":"Campaigns of Alexander the Great","kind":"campaign","y0":-323.9,"y1":-323.75,"to":-323,"last":false},"geometry":{"type":"LineString","coordinates":[[53.13,32.62],[51.675,32.6]]}},{"type":"Feature","properties":{"id":"alexander","name":"Campaigns of Alexander the Great","kind":"campaign","y0":-323.9,"y1":-323.75,"to":-323,"last":false,"head":true,"rotate":179},"geometry":{"type":"Point","coordinates":[51.675,32.6]}},{"type":"Feature","properties":{"id":"alexander","name":"Campaigns of Alexander the Great","kind":"campaign","y0":-323.75,"y1":-323.6,"to":-323,"last":false},"geometry":{"type":"LineString","coordinates":[[51.675,32.6],[50.22,32.58]]}},{"type":"Feature","properties":{"id":"alexander","name":"Campaigns of Alexander the Great","kind":"campaign","y0":-323.75,"y1":-323.6,"to":-323,"last":false,"head":true,"rotate":179},"geometry":{"type":"Point","coordinates":[50.22,32.58]}},{"type":"Feature","properties":{"id":"alexander","name":"Campaigns of Alexander the Great","kind":"campaign","y0":-323.6,"y1":-323.45,"to":-323,"last":false},"geometry":{"type":"LineString","coordinates":[[50.22,32.58],[48.765,32.56]]}},{"type":"Feature","properties":{"id":"alexander","name":"Campaigns of Alexander the Great","kind":"campaign","y0":-323.6,"y1":-323.45,"to":-323,"last":false,"head":true,"rotate":179},"geometry":{"type":"Point","coordinates":[48.765,32.56]}},{"type":"Feature","properties":{"id":"alexander","name":"Campaigns of Alexander the Great","kind":"campaign","y0":-323.45,"y1":-323.3,"to":-323,"last":false},"geometry":{"type":"LineString","coordinates":[[48.765,32.56],[47.31,32.54]]}},{"type":"Feature","properties":{"id":"alexander","name":"Campaigns of Alexander the Great","kind":"campaign","y0":-323.45,"y1":-323.3,"to":-323,"last":false,"head":true,"rotate":179},"geometry":{"type":"Point","coordinates":[47.31,32.54]}},{"type":"Feature","properties":{"id":"alexander","name":"Campaigns of Alexander the Great","kind":"campaign","y0":-323.3,"y1":-323.15,"to":-323,"last":false},"geometry":{"type":"LineString","coordinates":[[47.31,32.54],[45.855,32.52]]}},{"type":"Feature","properties":{"id":"alexander","name":"Campaigns of Alexander the Great","kind":"campaign","y0":-323.3,"y1":-323.15,"to":-323,"last":false,"head":true,"rotate":179},"geometry":{"type":"Point","coordinates":[45.855,32.52]}},{"type":"Feature","properties":{"id":"alexander","name":"Campaigns of Alexander the Great","kind":"campaign","y0":-323.15,"y1":-323,"to":-323,"last":true},"geometry":{"type":"LineString","coordinates":[[45.855,32.52],[44.4,32.5]]}},{"type":"Feature","properties":{"id":"alexander","name":"Campaigns of Alexander the Great","kind":"campaign","y0":-323.15,"y1":-323,"to":-323,"last":true,"head":true,"rotate":179},"geometry":{"type":"Point","coordinates":[44.4,32.5]}},{"type":"Feature","properties":{"id":"hannibal","name":"Hannibal's march on Italy","kind":"campaign","y0":-218,"y1":-218,"to":-216,"last":false},"geometry":{"type":"LineString","coordinates":[[-0.98,37.6],[-0.235,38.8]]}},{"type":"Feature","properties":{"id":"hannibal","name":"Hannibal's march on Italy","kind":"campaign","y0":-218,"y1":-218,"to":-216,"last":false,"head":true,"rotate":-64},"geometry":{"type":"Point","coordinates":[-0.235,38.8]}},{"type":"Feature","properties":{"id":"hannibal","name":"Hannibal's march on Italy","kind":"campaign","y0":-218,"y1":-218,"to":-216,"last":false},"geometry":{"type":"LineString","coordinates":[[-0.235,38.8],[0.51,40]]}},{"type":"Feature","properties":{"id":"hannibal","name":"Hannibal's march on Italy","kind":"campaign","y0":-218,"y1":-218,"to":-216,"last":false,"head":true,"rotate":-64},"geometry":{"type":"Point","coordinates":[0.51,40]}},{"type":"Feature","properties":{"id":"hannibal","name":"Hannibal's march on Italy","kind":"campaign","y0":-218,"y1":-218,"to":-216,"last":false},"geometry":{"type":"LineString","coordinates":[[0.51,40],[1.255,41.2]]}},{"type":"Feature","properties":{"id":"hannibal","name":"Hannibal's march on Italy","kind":"campaign","y0":-218,"y1":-218,"to":-216,"last":false,"head":true,"rotate":-65},"geometry":{"type":"Point","coordinates":[1.255,41.2]}},{"type":"Feature","properties":{"id":"hannibal","name":"Hannibal's march on Italy","kind":"campaign","y0":-218,"y1":-218,"to":-216,"last":false},"geometry":{"type":"LineString","coordinates":[[1.255,41.2],[2,42.4]]}},{"type":"Feature","properties":{"id":"hannibal","name":"Hannibal's march on Italy","kind":"campaign","y0":-218,"y1":-218,"to":-216,"last":false,"head":true,"rotate":-65},"geometry":{"type":"Point","coordinates":[2,42.4]}},{"type":"Feature","properties":{"id":"hannibal","name":"Hannibal's march on Italy","kind":"campaign","y0":-218,"y1":-218,"to":-216,"last":false},"geometry":{"type":"LineString","coordinates":[[2,42.4],[3.225,43.1]]}},{"type":"Feature","properties":{"id":"hannibal","name":"Hannibal's march on Italy","kind":"campaign","y0":-218,"y1":-218,"to":-216,"last":false,"head":true,"rotate":-38},"geometry":{"type":"Point","coordinates":[3.225,43.1]}},{"type":"Feature","properties":{"id":"hannibal","name":"Hannibal's march on Italy","kind":"campaign","y0":-218,"y1":-218,"to":-216,"last":false},"geometry":{"type":"LineString","coordinates":[[3.225,43.1],[4.45,43.8]]}},{"type":"Feature","properties":{"id":"hannibal","name":"Hannibal's march on Italy","kind":"campaign","y0":-218,"y1":-218,"to":-216,"last":false,"head":true,"rotate":-38},"geometry":{"type":"Point","coordinates":[4.45,43.8]}},{"type":"Feature","properties":{"id":"hannibal","name":"Hannibal's march on Italy","kind":"campaign","y0":-218,"y1":-218,"to":-216,"last":false},"geometry":{"type":"LineString","coordinates":[[4.45,43.8],[5.675,44.5]]}},{"type":"Feature","properties":{"id":"hannibal","name":"Hannibal's march on Italy","kind":"campaign","y0":-218,"y1":-218,"to":-216,"last":false,"head":true,"rotate":-39},"geometry":{"type":"Point","coordinates":[5.675,44.5]}},{"type":"Feature","properties":{"id":"hannibal","name":"Hannibal's march on Italy","kind":"campaign","y0":-218,"y1":-218,"to":-216,"last":false},"geometry":{"type":"LineString","coordinates":[[5.675,44.5],[6.9,45.2]]}},{"type":"Feature","properties":{"id":"hannibal","name":"Hannibal's march on Italy","kind":"campaign","y0":-218,"y1":-218,"to":-216,"last":false,"head":true,"rotate":-39},"geometry":{"type":"Point","coordinates":[6.9,45.2]}},{"type":"Feature","properties":{"id":"hannibal","name":"Hannibal's march on Italy","kind":"campaign","y0":-218,"y1":-218,"to":-216,"last":false},"geometry":{"type":"LineString","coordinates":[[6.9,45.2],[8.25,45.1]]}},{"type":"Feature","properties":{"id":"hannibal","name":"Hannibal's march on Italy","kind":"campaign","y0":-218,"y1":-218,"to":-216,"last":false,"head":true,"rotate":6},"geometry":{"type":"Point","coordinates":[8.25,45.1]}},{"type":"Feature","properties":{"id":"hannibal","name":"Hannibal's march on Italy","kind":"campaign","y0":-218,"y1":-218,"to":-216,"last":false},"geometry":{"type":"LineString","coordinates":[[8.25,45.1],[9.6,45]]}},{"type":"Feature","properties":{"id":"hannibal","name":"Hannibal's march on Italy","kind":"campaign","y0":-218,"y1":-218,"to":-216,"last":false,"head":true,"rotate":6},"geometry":{"type":"Point","coordinates":[9.6,45]}},{"type":"Feature","properties":{"id":"hannibal","name":"Hannibal's march on Italy","kind":"campaign","y0":-218,"y1":-217.66666666666666,"to":-216,"last":false},"geometry":{"type":"LineString","coordinates":[[9.6,45],[10.433,44.4]]}},{"type":"Feature","properties":{"id":"hannibal","name":"Hannibal's march on Italy","kind":"campaign","y0":-218,"y1":-217.66666666666666,"to":-216,"last":false,"head":true,"rotate":45},"geometry":{"type":"Point","coordinates":[10.433,44.4]}},{"type":"Feature","properties":{"id":"hannibal","name":"Hannibal's march on Italy","kind":"campaign","y0":-217.66666666666666,"y1":-217.33333333333334,"to":-216,"last":false},"geometry":{"type":"LineString","coordinates":[[10.433,44.4],[11.267,43.8]]}},{"type":"Feature","properties":{"id":"hannibal","name":"Hannibal's march on Italy","kind":"campaign","y0":-217.66666666666666,"y1":-217.33333333333334,"to":-216,"last":false,"head":true,"rotate":45},"geometry":{"type":"Point","coordinates":[11.267,43.8]}},{"type":"Feature","properties":{"id":"hannibal","name":"Hannibal's march on Italy","kind":"campaign","y0":-217.33333333333334,"y1":-217,"to":-216,"last":false},"geometry":{"type":"LineString","coordinates":[[11.267,43.8],[12.1,43.2]]}},{"type":"Feature","properties":{"id":"hannibal","name":"Hannibal's march on Italy","kind":"campaign","y0":-217.33333333333334,"y1":-217,"to":-216,"last":false,"head":true,"rotate":45},"geometry":{"type":"Point","coordinates":[12.1,43.2]}},{"type":"Feature","properties":{"id":"hannibal","name":"Hannibal's march on Italy","kind":"campaign","y0":-217,"y1":-216.66666666666666,"to":-216,"last":false},"geometry":{"type":"LineString","coordinates":[[12.1,43.2],[13.443,42.567]]}},{"type":"Feature","properties":{"id":"hannibal","name":"Hannibal's march on Italy","kind":"campaign","y0":-217,"y1":-216.66666666666666,"to":-216,"last":false,"head":true,"rotate":33},"geometry":{"type":"Point","coordinates":[13.443,42.567]}},{"type":"Feature","properties":{"id":"hannibal","name":"Hannibal's march on Italy","kind":"campaign","y0":-216.66666666666666,"y1":-216.33333333333334,"to":-216,"last":false},"geometry":{"type":"LineString","coordinates":[[13.443,42.567],[14.787,41.933]]}},{"type":"Feature","properties":{"id":"hannibal","name":"Hannibal's march on Italy","kind":"campaign","y0":-216.66666666666666,"y1":-216.33333333333334,"to":-216,"last":false,"head":true,"rotate":32},"geometry":{"type":"Point","coordinates":[14.787,41.933]}},{"type":"Feature","properties":{"id":"hannibal","name":"Hannibal's march on Italy","kind":"campaign","y0":-216.33333333333334,"y1":-216,"to":-216,"last":true},"geometry":{"type":"LineString","coordinates":[[14.787,41.933],[16.13,41.3]]}},{"type":"Feature","properties":{"id":"hannibal","name":"Hannibal's march on Italy","kind":"campaign","y0":-216.33333333333334,"y1":-216,"to":-216,"last":true,"head":true,"rotate":32},"geometry":{"type":"Point","coordinates":[16.13,41.3]}},{"type":"Feature","properties":{"id":"genghis","name":"Campaigns of Genghis Khan","kind":"campaign","y0":1206,"y1":1206.4285714285713,"to":1223,"last":false},"geometry":{"type":"LineString","coordinates":[[108,48],[107.743,46.643]]}},{"type":"Feature","properties":{"id":"genghis","name":"Campaigns of Genghis Khan","kind":"campaign","y0":1206,"y1":1206.4285714285713,"to":1223,"last":false,"head":true,"rotate":97},"geometry":{"type":"Point","coordinates":[107.743,46.643]}},{"type":"Feature","properties":{"id":"genghis","name":"Campaigns of Genghis Khan","kind":"campaign","y0":1206.4285714285713,"y1":1206.857142857143,"to":1223,"last":false},"geometry":{"type":"LineString","coordinates":[[107.743,46.643],[107.486,45.286]]}},{"type":"Feature","properties":{"id":"genghis","name":"Campaigns of Genghis Khan","kind":"campaign","y0":1206.4285714285713,"y1":1206.857142857143,"to":1223,"last":false,"head":true,"rotate":98},"geometry":{"type":"Point","coordinates":[107.486,45.286]}},{"type":"Feature","properties":{"id":"genghis","name":"Campaigns of Genghis Khan","kind":"campaign","y0":1206.857142857143,"y1":1207.2857142857142,"to":1223,"last":false},"geometry":{"type":"LineString","coordinates":[[107.486,45.286],[107.229,43.929]]}},{"type":"Feature","properties":{"id":"genghis","name":"Campaigns of Genghis Khan","kind":"campaign","y0":1206.857142857143,"y1":1207.2857142857142,"to":1223,"last":false,"head":true,"rotate":98},"geometry":{"type":"Point","coordinates":[107.229,43.929]}},{"type":"Feature","properties":{"id":"genghis","name":"Campaigns of Genghis Khan","kind":"campaign","y0":1207.2857142857142,"y1":1207.7142857142858,"to":1223,"last":false},"geometry":{"type":"LineString","coordinates":[[107.229,43.929],[106.971,42.571]]}},{"type":"Feature","properties":{"id":"genghis","name":"Campaigns of Genghis Khan","kind":"campaign","y0":1207.2857142857142,"y1":1207.7142857142858,"to":1223,"last":false,"head":true,"rotate":98},"geometry":{"type":"Point","coordinates":[106.971,42.571]}},{"type":"Feature","properties":{"id":"genghis","name":"Campaigns of Genghis Khan","kind":"campaign","y0":1207.7142857142858,"y1":1208.142857142857,"to":1223,"last":false},"geometry":{"type":"LineString","coordinates":[[106.971,42.571],[106.714,41.214]]}},{"type":"Feature","properties":{"id":"genghis","name":"Campaigns of Genghis Khan","kind":"campaign","y0":1207.7142857142858,"y1":1208.142857142857,"to":1223,"last":false,"head":true,"rotate":98},"geometry":{"type":"Point","coordinates":[106.714,41.214]}},{"type":"Feature","properties":{"id":"genghis","name":"Campaigns of Genghis Khan","kind":"campaign","y0":1208.142857142857,"y1":1208.5714285714287,"to":1223,"last":false},"geometry":{"type":"LineString","coordinates":[[106.714,41.214],[106.457,39.857]]}},{"type":"Feature","properties":{"id":"genghis","name":"Campaigns of Genghis Khan","kind":"campaign","y0":1208.142857142857,"y1":1208.5714285714287,"to":1223,"last":false,"head":true,"rotate":98},"geometry":{"type":"Point","coordinates":[106.457,39.857]}},{"type":"Feature","properties":{"id":"genghis","name":"Campaigns of Genghis Khan","kind":"campaign","y0":1208.5714285714287,"y1":1209,"to":1223,"last":false},"geometry":{"type":"LineString","coordinates":[[106.457,39.857],[106.2,38.5]]}},{"type":"Feature","properties":{"id":"genghis","name":"Campaigns of Genghis Khan","kind":"campaign","y0":1208.5714285714287,"y1":1209,"to":1223,"last":false,"head":true,"rotate":98},"geometry":{"type":"Point","coordinates":[106.2,38.5]}},{"type":"Feature","properties":{"id":"genghis","name":"Campaigns of Genghis Khan","kind":"campaign","y0":1209,"y1":1209.857142857143,"to":1223,"last":false},"geometry":{"type":"LineString","coordinates":[[106.2,38.5],[107.657,38.7]]}},{"type":"Feature","properties":{"id":"genghis","name":"Campaigns of Genghis Khan","kind":"campaign","y0":1209,"y1":1209.857142857143,"to":1223,"last":false,"head":true,"rotate":-10},"geometry":{"type":"Point","coordinates":[107.657,38.7]}},{"type":"Feature","properties":{"id":"genghis","name":"Campaigns of Genghis Khan","kind":"campaign","y0":1209.857142857143,"y1":1210.7142857142858,"to":1223,"last":false},"geometry":{"type":"LineString","coordinates":[[107.657,38.7],[109.114,38.9]]}},{"type":"Feature","properties":{"id":"genghis","name":"Campaigns of Genghis Khan","kind":"campaign","y0":1209.857142857143,"y1":1210.7142857142858,"to":1223,"last":false,"head":true,"rotate":-10},"geometry":{"type":"Point","coordinates":[109.114,38.9]}},{"type":"Feature","properties":{"id":"genghis","name":"Campaigns of Genghis Khan","kind":"campaign","y0":1210.7142857142858,"y1":1211.5714285714287,"to":1223,"last":false},"geometry":{"type":"LineString","coordinates":[[109.114,38.9],[110.571,39.1]]}},{"type":"Feature","properties":{"id":"genghis","name":"Campaigns of Genghis Khan","kind":"campaign","y0":1210.7142857142858,"y1":1211.5714285714287,"to":1223,"last":false,"head":true,"rotate":-10},"geometry":{"type":"Point","coordinates":[110.571,39.1]}},{"type":"Feature","properties":{"id":"genghis","name":"Campaigns of Genghis Khan","kind":"campaign","y0":1211.5714285714287,"y1":1212.4285714285713,"to":1223,"last":false},"geometry":{"type":"LineString","coordinates":[[110.571,39.1],[112.029,39.3]]}},{"type":"Feature","properties":{"id":"genghis","name":"Campaigns of Genghis Khan","kind":"campaign","y0":1211.5714285714287,"y1":1212.4285714285713,"to":1223,"last":false,"head":true,"rotate":-10},"geometry":{"type":"Point","coordinates":[112.029,39.3]}},{"type":"Feature","properties":{"id":"genghis","name":"Campaigns of Genghis Khan","kind":"campaign","y0":1212.4285714285713,"y1":1213.2857142857142,"to":1223,"last":false},"geometry":{"type":"LineString","coordinates":[[112.029,39.3],[113.486,39.5]]}},{"type":"Feature","properties":{"id":"genghis","name":"Campaigns of Genghis Khan","kind":"campaign","y0":1212.4285714285713,"y1":1213.2857142857142,"to":1223,"last":false,"head":true,"rotate":-10},"geometry":{"type":"Point","coordinates":[113.486,39.5]}},{"type":"Feature","properties":{"id":"genghis","name":"Campaigns of Genghis Khan","kind":"campaign","y0":1213.2857142857142,"y1":1214.142857142857,"to":1223,"last":false},"geometry":{"type":"LineString","coordinates":[[113.486,39.5],[114.943,39.7]]}},{"type":"Feature","properties":{"id":"genghis","name":"Campaigns of Genghis Khan","kind":"campaign","y0":1213.2857142857142,"y1":1214.142857142857,"to":1223,"last":false,"head":true,"rotate":-10},"geometry":{"type":"Point","coordinates":[114.943,39.7]}},{"type":"Feature","properties":{"id":"genghis","name":"Campaigns of Genghis Khan","kind":"campaign","y0":1214.142857142857,"y1":1215,"to":1223,"last":false},"geometry":{"type":"LineString","coordinates":[[114.943,39.7],[116.4,39.9]]}},{"type":"Feature","properties":{"id":"genghis","name":"Campaigns of Genghis Khan","kind":"campaign","y0":1214.142857142857,"y1":1215,"to":1223,"last":false,"head":true,"rotate":-10},"geometry":{"type":"Point","coordinates":[116.4,39.9]}},{"type":"Feature","properties":{"id":"genghis","name":"Campaigns of Genghis Khan","kind":"campaign","y0":1215,"y1":1215.121212121212,"to":1223,"last":false},"geometry":{"type":"LineString","coordinates":[[116.4,39.9],[114.942,39.989]]}},{"type":"Feature","properties":{"id":"genghis","name":"Campaigns of Genghis Khan","kind":"campaign","y0":1215,"y1":1215.121212121212,"to":1223,"last":false,"head":true,"rotate":-175},"geometry":{"type":"Point","coordinates":[114.942,39.989]}},{"type":"Feature","properties":{"id":"genghis","name":"Campaigns of Genghis Khan","kind":"campaign","y0":1215.121212121212,"y1":1215.2424242424242,"to":1223,"last":false},"geometry":{"type":"LineString","coordinates":[[114.942,39.989],[113.485,40.079]]}},{"type":"Feature","properties":{"id":"genghis","name":"Campaigns of Genghis Khan","kind":"campaign","y0":1215.121212121212,"y1":1215.2424242424242,"to":1223,"last":false,"head":true,"rotate":-175},"geometry":{"type":"Point","coordinates":[113.485,40.079]}},{"type":"Feature","properties":{"id":"genghis","name":"Campaigns of Genghis Khan","kind":"campaign","y0":1215.2424242424242,"y1":1215.3636363636363,"to":1223,"last":false},"geometry":{"type":"LineString","coordinates":[[113.485,40.079],[112.027,40.168]]}},{"type":"Feature","properties":{"id":"genghis","name":"Campaigns of Genghis Khan","kind":"campaign","y0":1215.2424242424242,"y1":1215.3636363636363,"to":1223,"last":false,"head":true,"rotate":-175},"geometry":{"type":"Point","coordinates":[112.027,40.168]}},{"type":"Feature","properties":{"id":"genghis","name":"Campaigns of Genghis Khan","kind":"campaign","y0":1215.3636363636363,"y1":1215.4848484848485,"to":1223,"last":false},"geometry":{"type":"LineString","coordinates":[[112.027,40.168],[110.57,40.258]]}},{"type":"Feature","properties":{"id":"genghis","name":"Campaigns of Genghis Khan","kind":"campaign","y0":1215.3636363636363,"y1":1215.4848484848485,"to":1223,"last":false,"head":true,"rotate":-175},"geometry":{"type":"Point","coordinates":[110.57,40.258]}},{"type":"Feature","properties":{"id":"genghis","name":"Campaigns of Genghis Khan","kind":"campaign","y0":1215.4848484848485,"y1":1215.6060606060605,"to":1223,"last":false},"geometry":{"type":"LineString","coordinates":[[110.57,40.258],[109.112,40.347]]}},{"type":"Feature","properties":{"id":"genghis","name":"Campaigns of Genghis Khan","kind":"campaign","y0":1215.4848484848485,"y1":1215.6060606060605,"to":1223,"last":false,"head":true,"rotate":-175},"geometry":{"type":"Point","coordinates":[109.112,40.347]}},{"type":"Feature","properties":{"id":"genghis","name":"Campaigns of Genghis Khan","kind":"campaign","y0":1215.6060606060605,"y1":1215.7272727272727,"to":1223,"last":false},"geometry":{"type":"LineString","coordinates":[[109.112,40.347],[107.655,40.436]]}},{"type":"Feature","properties":{"id":"genghis","name":"Campaigns of Genghis Khan","kind":"campaign","y0":1215.6060606060605,"y1":1215.7272727272727,"to":1223,"last":false,"head":true,"rotate":-175},"geometry":{"type":"Point","coordinates":[107.655,40.436]}},{"type":"Feature","properties":{"id":"genghis","name":"Campaigns of Genghis Khan","kind":"campaign","y0":1215.7272727272727,"y1":1215.8484848484848,"to":1223,"last":false},"geometry":{"type":"LineString","coordinates":[[107.655,40.436],[106.197,40.526]]}},{"type":"Feature","properties":{"id":"genghis","name":"Campaigns of Genghis Khan","kind":"campaign","y0":1215.7272727272727,"y1":1215.8484848484848,"to":1223,"last":false,"head":true,"rotate":-175},"geometry":{"type":"Point","coordinates":[106.197,40.526]}},{"type":"Feature","properties":{"id":"genghis","name":"Campaigns of Genghis Khan","kind":"campaign","y0":1215.8484848484848,"y1":1215.969696969697,"to":1223,"last":false},"geometry":{"type":"LineString","coordinates":[[106.197,40.526],[104.739,40.615]]}},{"type":"Feature","properties":{"id":"genghis","name":"Campaigns of Genghis Khan","kind":"campaign","y0":1215.8484848484848,"y1":1215.969696969697,"to":1223,"last":false,"head":true,"rotate":-175},"geometry":{"type":"Point","coordinates":[104.739,40.615]}},{"type":"Feature","properties":{"id":"genghis","name":"Campaigns of Genghis Khan","kind":"campaign","y0":1215.969696969697,"y1":1216.090909090909,"to":1223,"last":false},"geometry":{"type":"LineString","coordinates":[[104.739,40.615],[103.282,40.705]]}},{"type":"Feature","properties":{"id":"genghis","name":"Campaigns of Genghis Khan","kind":"campaign","y0":1215.969696969697,"y1":1216.090909090909,"to":1223,"last":false,"head":true,"rotate":-175},"geometry":{"type":"Point","coordinates":[103.282,40.705]}},{"type":"Feature","properties":{"id":"genghis","name":"Campaigns of Genghis Khan","kind":"campaign","y0":1216.090909090909,"y1":1216.2121212121212,"to":1223,"last":false},"geometry":{"type":"LineString","coordinates":[[103.282,40.705],[101.824,40.794]]}},{"type":"Feature","properties":{"id":"genghis","name":"Campaigns of Genghis Khan","kind":"campaign","y0":1216.090909090909,"y1":1216.2121212121212,"to":1223,"last":false,"head":true,"rotate":-175},"geometry":{"type":"Point","coordinates":[101.824,40.794]}},{"type":"Feature","properties":{"id":"genghis","name":"Campaigns of Genghis Khan","kind":"campaign","y0":1216.2121212121212,"y1":1216.3333333333333,"to":1223,"last":false},"geometry":{"type":"LineString","coordinates":[[101.824,40.794],[100.367,40.883]]}},{"type":"Feature","properties":{"id":"genghis","name":"Campaigns of Genghis Khan","kind":"campaign","y0":1216.2121212121212,"y1":1216.3333333333333,"to":1223,"last":false,"head":true,"rotate":-175},"geometry":{"type":"Point","coordinates":[100.367,40.883]}},{"type":"Feature","properties":{"id":"genghis","name":"Campaigns of Genghis Khan","kind":"campaign","y0":1216.3333333333333,"y1":1216.4545454545455,"to":1223,"last":false},"geometry":{"type":"LineString","coordinates":[[100.367,40.883],[98.909,40.973]]}},{"type":"Feature","properties":{"id":"genghis","name":"Campaigns of Genghis Khan","kind":"campaign","y0":1216.3333333333333,"y1":1216.4545454545455,"to":1223,"last":false,"head":true,"rotate":-175},"geometry":{"type":"Point","coordinates":[98.909,40.973]}},{"type":"Feature","properties":{"id":"genghis","name":"Campaigns of Genghis Khan","kind":"campaign","y0":1216.4545454545455,"y1":1216.5757575757575,"to":1223,"last":false},"geometry":{"type":"LineString","coordinates":[[98.909,40.973],[97.452,41.062]]}},{"type":"Feature","properties":{"id":"genghis","name":"Campaigns of Genghis Khan","kind":"campaign","y0":1216.4545454545455,"y1":1216.5757575757575,"to":1223,"last":false,"head":true,"rotate":-175},"geometry":{"type":"Point","coordinates":[97.452,41.062]}},{"type":"Feature","properties":{"id":"genghis","name":"Campaigns of Genghis Khan","kind":"campaign","y0":1216.5757575757575,"y1":1216.6969696969697,"to":1223,"last":false},"geometry":{"type":"LineString","coordinates":[[97.452,41.062],[95.994,41.152]]}},{"type":"Feature","properties":{"id":"genghis","name":"Campaigns of Genghis Khan","kind":"campaign","y0":1216.5757575757575,"y1":1216.6969696969697,"to":1223,"last":false,"head":true,"rotate":-175},"geometry":{"type":"Point","coordinates":[95.994,41.152]}},{"type":"Feature","properties":{"id":"genghis","name":"Campaigns of Genghis Khan","kind":"campaign","y0":1216.6969696969697,"y1":1216.8181818181818,"to":1223,"last":false},"geometry":{"type":"LineString","coordinates":[[95.994,41.152],[94.536,41.241]]}},{"type":"Feature","properties":{"id":"genghis","name":"Campaigns of Genghis Khan","kind":"campaign","y0":1216.6969696969697,"y1":1216.8181818181818,"to":1223,"last":false,"head":true,"rotate":-175},"geometry":{"type":"Point","coordinates":[94.536,41.241]}},{"type":"Feature","properties":{"id":"genghis","name":"Campaigns of Genghis Khan","kind":"campaign","y0":1216.8181818181818,"y1":1216.939393939394,"to":1223,"last":false},"geometry":{"type":"LineString","coordinates":[[94.536,41.241],[93.079,41.33]]}},{"type":"Feature","properties":{"id":"genghis","name":"Campaigns of Genghis Khan","kind":"campaign","y0":1216.8181818181818,"y1":1216.939393939394,"to":1223,"last":false,"head":true,"rotate":-175},"geometry":{"type":"Point","coordinates":[93.079,41.33]}},{"type":"Feature","properties":{"id":"genghis","name":"Campaigns of Genghis Khan","kind":"campaign","y0":1216.939393939394,"y1":1217.060606060606,"to":1223,"last":false},"geometry":{"type":"LineString","coordinates":[[93.079,41.33],[91.621,41.42]]}},{"type":"Feature","properties":{"id":"genghis","name":"Campaigns of Genghis Khan","kind":"campaign","y0":1216.939393939394,"y1":1217.060606060606,"to":1223,"last":false,"head":true,"rotate":-175},"geometry":{"type":"Point","coordinates":[91.621,41.42]}},{"type":"Feature","properties":{"id":"genghis","name":"Campaigns of Genghis Khan","kind":"campaign","y0":1217.060606060606,"y1":1217.1818181818182,"to":1223,"last":false},"geometry":{"type":"LineString","coordinates":[[91.621,41.42],[90.164,41.509]]}},{"type":"Feature","properties":{"id":"genghis","name":"Campaigns of Genghis Khan","kind":"campaign","y0":1217.060606060606,"y1":1217.1818181818182,"to":1223,"last":false,"head":true,"rotate":-175},"geometry":{"type":"Point","coordinates":[90.164,41.509]}},{"type":"Feature","properties":{"id":"genghis","name":"Campaigns of Genghis Khan","kind":"campaign","y0":1217.1818181818182,"y1":1217.3030303030303,"to":1223,"last":false},"geometry":{"type":"LineString","coordinates":[[90.164,41.509],[88.706,41.598]]}},{"type":"Feature","properties":{"id":"genghis","name":"Campaigns of Genghis Khan","kind":"campaign","y0":1217.1818181818182,"y1":1217.3030303030303,"to":1223,"last":false,"head":true,"rotate":-175},"geometry":{"type":"Point","coordinates":[88.706,41.598]}},{"type":"Feature","properties":{"id":"genghis","name":"Campaigns of Genghis Khan","kind":"campaign","y0":1217.3030303030303,"y1":1217.4242424242425,"to":1223,"last":false},"geometry":{"type":"LineString","coordinates":[[88.706,41.598],[87.248,41.688]]}},{"type":"Feature","properties":{"id":"genghis","name":"Campaigns of Genghis Khan","kind":"campaign","y0":1217.3030303030303,"y1":1217.4242424242425,"to":1223,"last":false,"head":true,"rotate":-175},"geometry":{"type":"Point","coordinates":[87.248,41.688]}},{"type":"Feature","properties":{"id":"genghis","name":"Campaigns of Genghis Khan","kind":"campaign","y0":1217.4242424242425,"y1":1217.5454545454545,"to":1223,"last":false},"geometry":{"type":"LineString","coordinates":[[87.248,41.688],[85.791,41.777]]}},{"type":"Feature","properties":{"id":"genghis","name":"Campaigns of Genghis Khan","kind":"campaign","y0":1217.4242424242425,"y1":1217.5454545454545,"to":1223,"last":false,"head":true,"rotate":-175},"geometry":{"type":"Point","coordinates":[85.791,41.777]}},{"type":"Feature","properties":{"id":"genghis","name":"Campaigns of Genghis Khan","kind":"campaign","y0":1217.5454545454545,"y1":1217.6666666666667,"to":1223,"last":false},"geometry":{"type":"LineString","coordinates":[[85.791,41.777],[84.333,41.867]]}},{"type":"Feature","properties":{"id":"genghis","name":"Campaigns of Genghis Khan","kind":"campaign","y0":1217.5454545454545,"y1":1217.6666666666667,"to":1223,"last":false,"head":true,"rotate":-175},"geometry":{"type":"Point","coordinates":[84.333,41.867]}},{"type":"Feature","properties":{"id":"genghis","name":"Campaigns of Genghis Khan","kind":"campaign","y0":1217.6666666666667,"y1":1217.7878787878788,"to":1223,"last":false},"geometry":{"type":"LineString","coordinates":[[84.333,41.867],[82.876,41.956]]}},{"type":"Feature","properties":{"id":"genghis","name":"Campaigns of Genghis Khan","kind":"campaign","y0":1217.6666666666667,"y1":1217.7878787878788,"to":1223,"last":false,"head":true,"rotate":-175},"geometry":{"type":"Point","coordinates":[82.876,41.956]}},{"type":"Feature","properties":{"id":"genghis","name":"Campaigns of Genghis Khan","kind":"campaign","y0":1217.7878787878788,"y1":1217.909090909091,"to":1223,"last":false},"geometry":{"type":"LineString","coordinates":[[82.876,41.956],[81.418,42.045]]}},{"type":"Feature","properties":{"id":"genghis","name":"Campaigns of Genghis Khan","kind":"campaign","y0":1217.7878787878788,"y1":1217.909090909091,"to":1223,"last":false,"head":true,"rotate":-175},"geometry":{"type":"Point","coordinates":[81.418,42.045]}},{"type":"Feature","properties":{"id":"genghis","name":"Campaigns of Genghis Khan","kind":"campaign","y0":1217.909090909091,"y1":1218.030303030303,"to":1223,"last":false},"geometry":{"type":"LineString","coordinates":[[81.418,42.045],[79.961,42.135]]}},{"type":"Feature","properties":{"id":"genghis","name":"Campaigns of Genghis Khan","kind":"campaign","y0":1217.909090909091,"y1":1218.030303030303,"to":1223,"last":false,"head":true,"rotate":-175},"geometry":{"type":"Point","coordinates":[79.961,42.135]}},{"type":"Feature","properties":{"id":"genghis","name":"Campaigns of Genghis Khan","kind":"campaign","y0":1218.030303030303,"y1":1218.1515151515152,"to":1223,"last":false},"geometry":{"type":"LineString","coordinates":[[79.961,42.135],[78.503,42.224]]}},{"type":"Feature","properties":{"id":"genghis","name":"Campaigns of Genghis Khan","kind":"campaign","y0":1218.030303030303,"y1":1218.1515151515152,"to":1223,"last":false,"head":true,"rotate":-175},"geometry":{"type":"Point","coordinates":[78.503,42.224]}},{"type":"Feature","properties":{"id":"genghis","name":"Campaigns of Genghis Khan","kind":"campaign","y0":1218.1515151515152,"y1":1218.2727272727273,"to":1223,"last":false},"geometry":{"type":"LineString","coordinates":[[78.503,42.224],[77.045,42.314]]}},{"type":"Feature","properties":{"id":"genghis","name":"Campaigns of Genghis Khan","kind":"campaign","y0":1218.1515151515152,"y1":1218.2727272727273,"to":1223,"last":false,"head":true,"rotate":-175},"geometry":{"type":"Point","coordinates":[77.045,42.314]}},{"type":"Feature","properties":{"id":"genghis","name":"Campaigns of Genghis Khan","kind":"campaign","y0":1218.2727272727273,"y1":1218.3939393939395,"to":1223,"last":false},"geometry":{"type":"LineString","coordinates":[[77.045,42.314],[75.588,42.403]]}},{"type":"Feature","properties":{"id":"genghis","name":"Campaigns of Genghis Khan","kind":"campaign","y0":1218.2727272727273,"y1":1218.3939393939395,"to":1223,"last":false,"head":true,"rotate":-175},"geometry":{"type":"Point","coordinates":[75.588,42.403]}},{"type":"Feature","properties":{"id":"genghis","name":"Campaigns of Genghis Khan","kind":"campaign","y0":1218.3939393939395,"y1":1218.5151515151515,"to":1223,"last":false},"geometry":{"type":"LineString","coordinates":[[75.588,42.403],[74.13,42.492]]}},{"type":"Feature","properties":{"id":"genghis","name":"Campaigns of Genghis Khan","kind":"campaign","y0":1218.3939393939395,"y1":1218.5151515151515,"to":1223,"last":false,"head":true,"rotate":-175},"geometry":{"type":"Point","coordinates":[74.13,42.492]}},{"type":"Feature","properties":{"id":"genghis","name":"Campaigns of Genghis Khan","kind":"campaign","y0":1218.5151515151515,"y1":1218.6363636363637,"to":1223,"last":false},"geometry":{"type":"LineString","coordinates":[[74.13,42.492],[72.673,42.582]]}},{"type":"Feature","properties":{"id":"genghis","name":"Campaigns of Genghis Khan","kind":"campaign","y0":1218.5151515151515,"y1":1218.6363636363637,"to":1223,"last":false,"head":true,"rotate":-175},"geometry":{"type":"Point","coordinates":[72.673,42.582]}},{"type":"Feature","properties":{"id":"genghis","name":"Campaigns of Genghis Khan","kind":"campaign","y0":1218.6363636363637,"y1":1218.7575757575758,"to":1223,"last":false},"geometry":{"type":"LineString","coordinates":[[72.673,42.582],[71.215,42.671]]}},{"type":"Feature","properties":{"id":"genghis","name":"Campaigns of Genghis Khan","kind":"campaign","y0":1218.6363636363637,"y1":1218.7575757575758,"to":1223,"last":false,"head":true,"rotate":-175},"geometry":{"type":"Point","coordinates":[71.215,42.671]}},{"type":"Feature","properties":{"id":"genghis","name":"Campaigns of Genghis Khan","kind":"campaign","y0":1218.7575757575758,"y1":1218.878787878788,"to":1223,"last":false},"geometry":{"type":"LineString","coordinates":[[71.215,42.671],[69.758,42.761]]}},{"type":"Feature","properties":{"id":"genghis","name":"Campaigns of Genghis Khan","kind":"campaign","y0":1218.7575757575758,"y1":1218.878787878788,"to":1223,"last":false,"head":true,"rotate":-175},"geometry":{"type":"Point","coordinates":[69.758,42.761]}},{"type":"Feature","properties":{"id":"genghis","name":"Campaigns of Genghis Khan","kind":"campaign","y0":1218.878787878788,"y1":1219,"to":1223,"last":false},"geometry":{"type":"LineString","coordinates":[[69.758,42.761],[68.3,42.85]]}},{"type":"Feature","properties":{"id":"genghis","name":"Campaigns of Genghis Khan","kind":"campaign","y0":1218.878787878788,"y1":1219,"to":1223,"last":false,"head":true,"rotate":-175},"geometry":{"type":"Point","coordinates":[68.3,42.85]}},{"type":"Feature","properties":{"id":"genghis","name":"Campaigns of Genghis Khan","kind":"campaign","y0":1219,"y1":1219.3333333333333,"to":1223,"last":false},"geometry":{"type":"LineString","coordinates":[[68.3,42.85],[67.853,41.783]]}},{"type":"Feature","properties":{"id":"genghis","name":"Campaigns of Genghis Khan","kind":"campaign","y0":1219,"y1":1219.3333333333333,"to":1223,"last":false,"head":true,"rotate":107},"geometry":{"type":"Point","coordinates":[67.853,41.783]}},{"type":"Feature","properties":{"id":"genghis","name":"Campaigns of Genghis Khan","kind":"campaign","y0":1219.3333333333333,"y1":1219.6666666666667,"to":1223,"last":false},"geometry":{"type":"LineString","coordinates":[[67.853,41.783],[67.407,40.717]]}},{"type":"Feature","properties":{"id":"genghis","name":"Campaigns of Genghis Khan","kind":"campaign","y0":1219.3333333333333,"y1":1219.6666666666667,"to":1223,"last":false,"head":true,"rotate":107},"geometry":{"type":"Point","coordinates":[67.407,40.717]}},{"type":"Feature","properties":{"id":"genghis","name":"Campaigns of Genghis Khan","kind":"campaign","y0":1219.6666666666667,"y1":1220,"to":1223,"last":false},"geometry":{"type":"LineString","coordinates":[[67.407,40.717],[66.96,39.65]]}},{"type":"Feature","properties":{"id":"genghis","name":"Campaigns of Genghis Khan","kind":"campaign","y0":1219.6666666666667,"y1":1220,"to":1223,"last":false,"head":true,"rotate":108},"geometry":{"type":"Point","coordinates":[66.96,39.65]}},{"type":"Feature","properties":{"id":"genghis","name":"Campaigns of Genghis Khan","kind":"campaign","y0":1220,"y1":1220.142857142857,"to":1223,"last":false},"geometry":{"type":"LineString","coordinates":[[66.96,39.65],[65.562,40.029]]}},{"type":"Feature","properties":{"id":"genghis","name":"Campaigns of Genghis Khan","kind":"campaign","y0":1220,"y1":1220.142857142857,"to":1223,"last":false,"head":true,"rotate":-161},"geometry":{"type":"Point","coordinates":[65.562,40.029]}},{"type":"Feature","properties":{"id":"genghis","name":"Campaigns of Genghis Khan","kind":"campaign","y0":1220.142857142857,"y1":1220.2857142857142,"to":1223,"last":false},"geometry":{"type":"LineString","coordinates":[[65.562,40.029],[64.164,40.407]]}},{"type":"Feature","properties":{"id":"genghis","name":"Campaigns of Genghis Khan","kind":"campaign","y0":1220.142857142857,"y1":1220.2857142857142,"to":1223,"last":false,"head":true,"rotate":-160},"geometry":{"type":"Point","coordinates":[64.164,40.407]}},{"type":"Feature","properties":{"id":"genghis","name":"Campaigns of Genghis Khan","kind":"campaign","y0":1220.2857142857142,"y1":1220.4285714285713,"to":1223,"last":false},"geometry":{"type":"LineString","coordinates":[[64.164,40.407],[62.766,40.786]]}},{"type":"Feature","properties":{"id":"genghis","name":"Campaigns of Genghis Khan","kind":"campaign","y0":1220.2857142857142,"y1":1220.4285714285713,"to":1223,"last":false,"head":true,"rotate":-160},"geometry":{"type":"Point","coordinates":[62.766,40.786]}},{"type":"Feature","properties":{"id":"genghis","name":"Campaigns of Genghis Khan","kind":"campaign","y0":1220.4285714285713,"y1":1220.5714285714287,"to":1223,"last":false},"geometry":{"type":"LineString","coordinates":[[62.766,40.786],[61.368,41.164]]}},{"type":"Feature","properties":{"id":"genghis","name":"Campaigns of Genghis Khan","kind":"campaign","y0":1220.4285714285713,"y1":1220.5714285714287,"to":1223,"last":false,"head":true,"rotate":-160},"geometry":{"type":"Point","coordinates":[61.368,41.164]}},{"type":"Feature","properties":{"id":"genghis","name":"Campaigns of Genghis Khan","kind":"campaign","y0":1220.5714285714287,"y1":1220.7142857142858,"to":1223,"last":false},"geometry":{"type":"LineString","coordinates":[[61.368,41.164],[59.97,41.543]]}},{"type":"Feature","properties":{"id":"genghis","name":"Campaigns of Genghis Khan","kind":"campaign","y0":1220.5714285714287,"y1":1220.7142857142858,"to":1223,"last":false,"head":true,"rotate":-160},"geometry":{"type":"Point","coordinates":[59.97,41.543]}},{"type":"Feature","properties":{"id":"genghis","name":"Campaigns of Genghis Khan","kind":"campaign","y0":1220.7142857142858,"y1":1220.857142857143,"to":1223,"last":false},"geometry":{"type":"LineString","coordinates":[[59.97,41.543],[58.571,41.921]]}},{"type":"Feature","properties":{"id":"genghis","name":"Campaigns of Genghis Khan","kind":"campaign","y0":1220.7142857142858,"y1":1220.857142857143,"to":1223,"last":false,"head":true,"rotate":-160},"geometry":{"type":"Point","coordinates":[58.571,41.921]}},{"type":"Feature","properties":{"id":"genghis","name":"Campaigns of Genghis Khan","kind":"campaign","y0":1220.857142857143,"y1":1221,"to":1223,"last":false},"geometry":{"type":"LineString","coordinates":[[58.571,41.921],[57.173,42.3]]}},{"type":"Feature","properties":{"id":"genghis","name":"Campaigns of Genghis Khan","kind":"campaign","y0":1220.857142857143,"y1":1221,"to":1223,"last":false,"head":true,"rotate":-160},"geometry":{"type":"Point","coordinates":[57.173,42.3]}},{"type":"Feature","properties":{"id":"genghis","name":"Campaigns of Genghis Khan","kind":"campaign","y0":1221,"y1":1221.142857142857,"to":1223,"last":false},"geometry":{"type":"LineString","coordinates":[[57.173,42.3],[55.775,42.679]]}},{"type":"Feature","properties":{"id":"genghis","name":"Campaigns of Genghis Khan","kind":"campaign","y0":1221,"y1":1221.142857142857,"to":1223,"last":false,"head":true,"rotate":-160},"geometry":{"type":"Point","coordinates":[55.775,42.679]}},{"type":"Feature","properties":{"id":"genghis","name":"Campaigns of Genghis Khan","kind":"campaign","y0":1221.142857142857,"y1":1221.2857142857142,"to":1223,"last":false},"geometry":{"type":"LineString","coordinates":[[55.775,42.679],[54.377,43.057]]}},{"type":"Feature","properties":{"id":"genghis","name":"Campaigns of Genghis Khan","kind":"campaign","y0":1221.142857142857,"y1":1221.2857142857142,"to":1223,"last":false,"head":true,"rotate":-160},"geometry":{"type":"Point","coordinates":[54.377,43.057]}},{"type":"Feature","properties":{"id":"genghis","name":"Campaigns of Genghis Khan","kind":"campaign","y0":1221.2857142857142,"y1":1221.4285714285713,"to":1223,"last":false},"geometry":{"type":"LineString","coordinates":[[54.377,43.057],[52.979,43.436]]}},{"type":"Feature","properties":{"id":"genghis","name":"Campaigns of Genghis Khan","kind":"campaign","y0":1221.2857142857142,"y1":1221.4285714285713,"to":1223,"last":false,"head":true,"rotate":-160},"geometry":{"type":"Point","coordinates":[52.979,43.436]}},{"type":"Feature","properties":{"id":"genghis","name":"Campaigns of Genghis Khan","kind":"campaign","y0":1221.4285714285713,"y1":1221.5714285714287,"to":1223,"last":false},"geometry":{"type":"LineString","coordinates":[[52.979,43.436],[51.581,43.814]]}},{"type":"Feature","properties":{"id":"genghis","name":"Campaigns of Genghis Khan","kind":"campaign","y0":1221.4285714285713,"y1":1221.5714285714287,"to":1223,"last":false,"head":true,"rotate":-159},"geometry":{"type":"Point","coordinates":[51.581,43.814]}},{"type":"Feature","properties":{"id":"genghis","name":"Campaigns of Genghis Khan","kind":"campaign","y0":1221.5714285714287,"y1":1221.7142857142858,"to":1223,"last":false},"geometry":{"type":"LineString","coordinates":[[51.581,43.814],[50.183,44.193]]}},{"type":"Feature","properties":{"id":"genghis","name":"Campaigns of Genghis Khan","kind":"campaign","y0":1221.5714285714287,"y1":1221.7142857142858,"to":1223,"last":false,"head":true,"rotate":-159},"geometry":{"type":"Point","coordinates":[50.183,44.193]}},{"type":"Feature","properties":{"id":"genghis","name":"Campaigns of Genghis Khan","kind":"campaign","y0":1221.7142857142858,"y1":1221.857142857143,"to":1223,"last":false},"geometry":{"type":"LineString","coordinates":[[50.183,44.193],[48.785,44.571]]}},{"type":"Feature","properties":{"id":"genghis","name":"Campaigns of Genghis Khan","kind":"campaign","y0":1221.7142857142858,"y1":1221.857142857143,"to":1223,"last":false,"head":true,"rotate":-159},"geometry":{"type":"Point","coordinates":[48.785,44.571]}},{"type":"Feature","properties":{"id":"genghis","name":"Campaigns of Genghis Khan","kind":"campaign","y0":1221.857142857143,"y1":1222,"to":1223,"last":false},"geometry":{"type":"LineString","coordinates":[[48.785,44.571],[47.387,44.95]]}},{"type":"Feature","properties":{"id":"genghis","name":"Campaigns of Genghis Khan","kind":"campaign","y0":1221.857142857143,"y1":1222,"to":1223,"last":false,"head":true,"rotate":-159},"geometry":{"type":"Point","coordinates":[47.387,44.95]}},{"type":"Feature","properties":{"id":"genghis","name":"Campaigns of Genghis Khan","kind":"campaign","y0":1222,"y1":1222.142857142857,"to":1223,"last":false},"geometry":{"type":"LineString","coordinates":[[47.387,44.95],[45.989,45.329]]}},{"type":"Feature","properties":{"id":"genghis","name":"Campaigns of Genghis Khan","kind":"campaign","y0":1222,"y1":1222.142857142857,"to":1223,"last":false,"head":true,"rotate":-159},"geometry":{"type":"Point","coordinates":[45.989,45.329]}},{"type":"Feature","properties":{"id":"genghis","name":"Campaigns of Genghis Khan","kind":"campaign","y0":1222.142857142857,"y1":1222.2857142857142,"to":1223,"last":false},"geometry":{"type":"LineString","coordinates":[[45.989,45.329],[44.59,45.707]]}},{"type":"Feature","properties":{"id":"genghis","name":"Campaigns of Genghis Khan","kind":"campaign","y0":1222.142857142857,"y1":1222.2857142857142,"to":1223,"last":false,"head":true,"rotate":-159},"geometry":{"type":"Point","coordinates":[44.59,45.707]}},{"type":"Feature","properties":{"id":"genghis","name":"Campaigns of Genghis Khan","kind":"campaign","y0":1222.2857142857142,"y1":1222.4285714285713,"to":1223,"last":false},"geometry":{"type":"LineString","coordinates":[[44.59,45.707],[43.192,46.086]]}},{"type":"Feature","properties":{"id":"genghis","name":"Campaigns of Genghis Khan","kind":"campaign","y0":1222.2857142857142,"y1":1222.4285714285713,"to":1223,"last":false,"head":true,"rotate":-159},"geometry":{"type":"Point","coordinates":[43.192,46.086]}},{"type":"Feature","properties":{"id":"genghis","name":"Campaigns of Genghis Khan","kind":"campaign","y0":1222.4285714285713,"y1":1222.5714285714287,"to":1223,"last":false},"geometry":{"type":"LineString","coordinates":[[43.192,46.086],[41.794,46.464]]}},{"type":"Feature","properties":{"id":"genghis","name":"Campaigns of Genghis Khan","kind":"campaign","y0":1222.4285714285713,"y1":1222.5714285714287,"to":1223,"last":false,"head":true,"rotate":-159},"geometry":{"type":"Point","coordinates":[41.794,46.464]}},{"type":"Feature","properties":{"id":"genghis","name":"Campaigns of Genghis Khan","kind":"campaign","y0":1222.5714285714287,"y1":1222.7142857142858,"to":1223,"last":false},"geometry":{"type":"LineString","coordinates":[[41.794,46.464],[40.396,46.843]]}},{"type":"Feature","properties":{"id":"genghis","name":"Campaigns of Genghis Khan","kind":"campaign","y0":1222.5714285714287,"y1":1222.7142857142858,"to":1223,"last":false,"head":true,"rotate":-158},"geometry":{"type":"Point","coordinates":[40.396,46.843]}},{"type":"Feature","properties":{"id":"genghis","name":"Campaigns of Genghis Khan","kind":"campaign","y0":1222.7142857142858,"y1":1222.857142857143,"to":1223,"last":false},"geometry":{"type":"LineString","coordinates":[[40.396,46.843],[38.998,47.221]]}},{"type":"Feature","properties":{"id":"genghis","name":"Campaigns of Genghis Khan","kind":"campaign","y0":1222.7142857142858,"y1":1222.857142857143,"to":1223,"last":false,"head":true,"rotate":-158},"geometry":{"type":"Point","coordinates":[38.998,47.221]}},{"type":"Feature","properties":{"id":"genghis","name":"Campaigns of Genghis Khan","kind":"campaign","y0":1222.857142857143,"y1":1223,"to":1223,"last":true},"geometry":{"type":"LineString","coordinates":[[38.998,47.221],[37.6,47.6]]}},{"type":"Feature","properties":{"id":"genghis","name":"Campaigns of Genghis Khan","kind":"campaign","y0":1222.857142857143,"y1":1223,"to":1223,"last":true,"head":true,"rotate":-158},"geometry":{"type":"Point","coordinates":[37.6,47.6]}},{"type":"Feature","properties":{"id":"batu","name":"Mongol invasion of Europe","kind":"campaign","y0":1236,"y1":1236.142857142857,"to":1241,"last":false},"geometry":{"type":"LineString","coordinates":[[49.1,54.9],[47.757,54.857]]}},{"type":"Feature","properties":{"id":"batu","name":"Mongol invasion of Europe","kind":"campaign","y0":1236,"y1":1236.142857142857,"to":1241,"last":false,"head":true,"rotate":177},"geometry":{"type":"Point","coordinates":[47.757,54.857]}},{"type":"Feature","properties":{"id":"batu","name":"Mongol invasion of Europe","kind":"campaign","y0":1236.142857142857,"y1":1236.2857142857142,"to":1241,"last":false},"geometry":{"type":"LineString","coordinates":[[47.757,54.857],[46.414,54.814]]}},{"type":"Feature","properties":{"id":"batu","name":"Mongol invasion of Europe","kind":"campaign","y0":1236.142857142857,"y1":1236.2857142857142,"to":1241,"last":false,"head":true,"rotate":177},"geometry":{"type":"Point","coordinates":[46.414,54.814]}},{"type":"Feature","properties":{"id":"batu","name":"Mongol invasion of Europe","kind":"campaign","y0":1236.2857142857142,"y1":1236.4285714285713,"to":1241,"last":false},"geometry":{"type":"LineString","coordinates":[[46.414,54.814],[45.071,54.771]]}},{"type":"Feature","properties":{"id":"batu","name":"Mongol invasion of Europe","kind":"campaign","y0":1236.2857142857142,"y1":1236.4285714285713,"to":1241,"last":false,"head":true,"rotate":177},"geometry":{"type":"Point","coordinates":[45.071,54.771]}},{"type":"Feature","properties":{"id":"batu","name":"Mongol invasion of Europe","kind":"campaign","y0":1236.4285714285713,"y1":1236.5714285714287,"to":1241,"last":false},"geometry":{"type":"LineString","coordinates":[[45.071,54.771],[43.729,54.729]]}},{"type":"Feature","properties":{"id":"batu","name":"Mongol invasion of Europe","kind":"campaign","y0":1236.4285714285713,"y1":1236.5714285714287,"to":1241,"last":false,"head":true,"rotate":177},"geometry":{"type":"Point","coordinates":[43.729,54.729]}},{"type":"Feature","properties":{"id":"batu","name":"Mongol invasion of Europe","kind":"campaign","y0":1236.5714285714287,"y1":1236.7142857142858,"to":1241,"last":false},"geometry":{"type":"LineString","coordinates":[[43.729,54.729],[42.386,54.686]]}},{"type":"Feature","properties":{"id":"batu","name":"Mongol invasion of Europe","kind":"campaign","y0":1236.5714285714287,"y1":1236.7142857142858,"to":1241,"last":false,"head":true,"rotate":177},"geometry":{"type":"Point","coordinates":[42.386,54.686]}},{"type":"Feature","properties":{"id":"batu","name":"Mongol invasion of Europe","kind":"campaign","y0":1236.7142857142858,"y1":1236.857142857143,"to":1241,"last":false},"geometry":{"type":"LineString","coordinates":[[42.386,54.686],[41.043,54.643]]}},{"type":"Feature","properties":{"id":"batu","name":"Mongol invasion of Europe","kind":"campaign","y0":1236.7142857142858,"y1":1236.857142857143,"to":1241,"last":false,"head":true,"rotate":177},"geometry":{"type":"Point","coordinates":[41.043,54.643]}},{"type":"Feature","properties":{"id":"batu","name":"Mongol invasion of Europe","kind":"campaign","y0":1236.857142857143,"y1":1237,"to":1241,"last":false},"geometry":{"type":"LineString","coordinates":[[41.043,54.643],[39.7,54.6]]}},{"type":"Feature","properties":{"id":"batu","name":"Mongol invasion of Europe","kind":"campaign","y0":1236.857142857143,"y1":1237,"to":1241,"last":false,"head":true,"rotate":177},"geometry":{"type":"Point","coordinates":[39.7,54.6]}},{"type":"Feature","properties":{"id":"batu","name":"Mongol invasion of Europe","kind":"campaign","y0":1237,"y1":1237.5,"to":1241,"last":false},"geometry":{"type":"LineString","coordinates":[[39.7,54.6],[40.05,55.365]]}},{"type":"Feature","properties":{"id":"batu","name":"Mongol invasion of Europe","kind":"campaign","y0":1237,"y1":1237.5,"to":1241,"last":false,"head":true,"rotate":-75},"geometry":{"type":"Point","coordinates":[40.05,55.365]}},{"type":"Feature","properties":{"id":"batu","name":"Mongol invasion of Europe","kind":"campaign","y0":1237.5,"y1":1238,"to":1241,"last":false},"geometry":{"type":"LineString","coordinates":[[40.05,55.365],[40.4,56.13]]}},{"type":"Feature","properties":{"id":"batu","name":"Mongol invasion of Europe","kind":"campaign","y0":1237.5,"y1":1238,"to":1241,"last":false,"head":true,"rotate":-76},"geometry":{"type":"Point","coordinates":[40.4,56.13]}},{"type":"Feature","properties":{"id":"batu","name":"Mongol invasion of Europe","kind":"campaign","y0":1238,"y1":1238.25,"to":1241,"last":false},"geometry":{"type":"LineString","coordinates":[[40.4,56.13],[39.163,55.42]]}},{"type":"Feature","properties":{"id":"batu","name":"Mongol invasion of Europe","kind":"campaign","y0":1238,"y1":1238.25,"to":1241,"last":false,"head":true,"rotate":134},"geometry":{"type":"Point","coordinates":[39.163,55.42]}},{"type":"Feature","properties":{"id":"batu","name":"Mongol invasion of Europe","kind":"campaign","y0":1238.25,"y1":1238.5,"to":1241,"last":false},"geometry":{"type":"LineString","coordinates":[[39.163,55.42],[37.925,54.71]]}},{"type":"Feature","properties":{"id":"batu","name":"Mongol invasion of Europe","kind":"campaign","y0":1238.25,"y1":1238.5,"to":1241,"last":false,"head":true,"rotate":135},"geometry":{"type":"Point","coordinates":[37.925,54.71]}},{"type":"Feature","properties":{"id":"batu","name":"Mongol invasion of Europe","kind":"campaign","y0":1238.5,"y1":1238.75,"to":1241,"last":false},"geometry":{"type":"LineString","coordinates":[[37.925,54.71],[36.688,54]]}},{"type":"Feature","properties":{"id":"batu","name":"Mongol invasion of Europe","kind":"campaign","y0":1238.5,"y1":1238.75,"to":1241,"last":false,"head":true,"rotate":135},"geometry":{"type":"Point","coordinates":[36.688,54]}},{"type":"Feature","properties":{"id":"batu","name":"Mongol invasion of Europe","kind":"campaign","y0":1238.75,"y1":1239,"to":1241,"last":false},"geometry":{"type":"LineString","coordinates":[[36.688,54],[35.45,53.29]]}},{"type":"Feature","properties":{"id":"batu","name":"Mongol invasion of Europe","kind":"campaign","y0":1238.75,"y1":1239,"to":1241,"last":false,"head":true,"rotate":136},"geometry":{"type":"Point","coordinates":[35.45,53.29]}},{"type":"Feature","properties":{"id":"batu","name":"Mongol invasion of Europe","kind":"campaign","y0":1239,"y1":1239.25,"to":1241,"last":false},"geometry":{"type":"LineString","coordinates":[[35.45,53.29],[34.213,52.58]]}},{"type":"Feature","properties":{"id":"batu","name":"Mongol invasion of Europe","kind":"campaign","y0":1239,"y1":1239.25,"to":1241,"last":false,"head":true,"rotate":136},"geometry":{"type":"Point","coordinates":[34.213,52.58]}},{"type":"Feature","properties":{"id":"batu","name":"Mongol invasion of Europe","kind":"campaign","y0":1239.25,"y1":1239.5,"to":1241,"last":false},"geometry":{"type":"LineString","coordinates":[[34.213,52.58],[32.975,51.87]]}},{"type":"Feature","properties":{"id":"batu","name":"Mongol invasion of Europe","kind":"campaign","y0":1239.25,"y1":1239.5,"to":1241,"last":false,"head":true,"rotate":137},"geometry":{"type":"Point","coordinates":[32.975,51.87]}},{"type":"Feature","properties":{"id":"batu","name":"Mongol invasion of Europe","kind":"campaign","y0":1239.5,"y1":1239.75,"to":1241,"last":false},"geometry":{"type":"LineString","coordinates":[[32.975,51.87],[31.738,51.16]]}},{"type":"Feature","properties":{"id":"batu","name":"Mongol invasion of Europe","kind":"campaign","y0":1239.5,"y1":1239.75,"to":1241,"last":false,"head":true,"rotate":137},"geometry":{"type":"Point","coordinates":[31.738,51.16]}},{"type":"Feature","properties":{"id":"batu","name":"Mongol invasion of Europe","kind":"campaign","y0":1239.75,"y1":1240,"to":1241,"last":false},"geometry":{"type":"LineString","coordinates":[[31.738,51.16],[30.5,50.45]]}},{"type":"Feature","properties":{"id":"batu","name":"Mongol invasion of Europe","kind":"campaign","y0":1239.75,"y1":1240,"to":1241,"last":false,"head":true,"rotate":138},"geometry":{"type":"Point","coordinates":[30.5,50.45]}},{"type":"Feature","properties":{"id":"batu","name":"Mongol invasion of Europe","kind":"campaign","y0":1240,"y1":1240.142857142857,"to":1241,"last":false},"geometry":{"type":"LineString","coordinates":[[30.5,50.45],[29.129,50.093]]}},{"type":"Feature","properties":{"id":"batu","name":"Mongol invasion of Europe","kind":"campaign","y0":1240,"y1":1240.142857142857,"to":1241,"last":false,"head":true,"rotate":158},"geometry":{"type":"Point","coordinates":[29.129,50.093]}},{"type":"Feature","properties":{"id":"batu","name":"Mongol invasion of Europe","kind":"campaign","y0":1240.142857142857,"y1":1240.2857142857142,"to":1241,"last":false},"geometry":{"type":"LineString","coordinates":[[29.129,50.093],[27.757,49.736]]}},{"type":"Feature","properties":{"id":"batu","name":"Mongol invasion of Europe","kind":"campaign","y0":1240.142857142857,"y1":1240.2857142857142,"to":1241,"last":false,"head":true,"rotate":158},"geometry":{"type":"Point","coordinates":[27.757,49.736]}},{"type":"Feature","properties":{"id":"batu","name":"Mongol invasion of Europe","kind":"campaign","y0":1240.2857142857142,"y1":1240.4285714285713,"to":1241,"last":false},"geometry":{"type":"LineString","coordinates":[[27.757,49.736],[26.386,49.379]]}},{"type":"Feature","properties":{"id":"batu","name":"Mongol invasion of Europe","kind":"campaign","y0":1240.2857142857142,"y1":1240.4285714285713,"to":1241,"last":false,"head":true,"rotate":158},"geometry":{"type":"Point","coordinates":[26.386,49.379]}},{"type":"Feature","properties":{"id":"batu","name":"Mongol invasion of Europe","kind":"campaign","y0":1240.4285714285713,"y1":1240.5714285714287,"to":1241,"last":false},"geometry":{"type":"LineString","coordinates":[[26.386,49.379],[25.014,49.021]]}},{"type":"Feature","properties":{"id":"batu","name":"Mongol invasion of Europe","kind":"campaign","y0":1240.4285714285713,"y1":1240.5714285714287,"to":1241,"last":false,"head":true,"rotate":158},"geometry":{"type":"Point","coordinates":[25.014,49.021]}},{"type":"Feature","properties":{"id":"batu","name":"Mongol invasion of Europe","kind":"campaign","y0":1240.5714285714287,"y1":1240.7142857142858,"to":1241,"last":false},"geometry":{"type":"LineString","coordinates":[[25.014,49.021],[23.643,48.664]]}},{"type":"Feature","properties":{"id":"batu","name":"Mongol invasion of Europe","kind":"campaign","y0":1240.5714285714287,"y1":1240.7142857142858,"to":1241,"last":false,"head":true,"rotate":158},"geometry":{"type":"Point","coordinates":[23.643,48.664]}},{"type":"Feature","properties":{"id":"batu","name":"Mongol invasion of Europe","kind":"campaign","y0":1240.7142857142858,"y1":1240.857142857143,"to":1241,"last":false},"geometry":{"type":"LineString","coordinates":[[23.643,48.664],[22.271,48.307]]}},{"type":"Feature","properties":{"id":"batu","name":"Mongol invasion of Europe","kind":"campaign","y0":1240.7142857142858,"y1":1240.857142857143,"to":1241,"last":false,"head":true,"rotate":159},"geometry":{"type":"Point","coordinates":[22.271,48.307]}},{"type":"Feature","properties":{"id":"batu","name":"Mongol invasion of Europe","kind":"campaign","y0":1240.857142857143,"y1":1241,"to":1241,"last":true},"geometry":{"type":"LineString","coordinates":[[22.271,48.307],[20.9,47.95]]}},{"type":"Feature","properties":{"id":"batu","name":"Mongol invasion of Europe","kind":"campaign","y0":1240.857142857143,"y1":1241,"to":1241,"last":true,"head":true,"rotate":159},"geometry":{"type":"Point","coordinates":[20.9,47.95]}},{"type":"Feature","properties":{"id":"hulagu","name":"Hulagu's campaign in the Middle East","kind":"campaign","y0":1255,"y1":1255.0833333333333,"to":1260,"last":false},"geometry":{"type":"LineString","coordinates":[[66.96,39.65],[65.595,39.383]]}},{"type":"Feature","properties":{"id":"hulagu","name":"Hulagu's campaign in the Middle East","kind":"campaign","y0":1255,"y1":1255.0833333333333,"to":1260,"last":false,"head":true,"rotate":166},"geometry":{"type":"Point","coordinates":[65.595,39.383]}},{"type":"Feature","properties":{"id":"hulagu","name":"Hulagu's campaign in the Middle East","kind":"campaign","y0":1255.0833333333333,"y1":1255.1666666666667,"to":1260,"last":false},"geometry":{"type":"LineString","coordinates":[[65.595,39.383],[64.23,39.115]]}},{"type":"Feature","properties":{"id":"hulagu","name":"Hulagu's campaign in the Middle East","kind":"campaign","y0":1255.0833333333333,"y1":1255.1666666666667,"to":1260,"last":false,"head":true,"rotate":166},"geometry":{"type":"Point","coordinates":[64.23,39.115]}},{"type":"Feature","properties":{"id":"hulagu","name":"Hulagu's campaign in the Middle East","kind":"campaign","y0":1255.1666666666667,"y1":1255.25,"to":1260,"last":false},"geometry":{"type":"LineString","coordinates":[[64.23,39.115],[62.865,38.848]]}},{"type":"Feature","properties":{"id":"hulagu","name":"Hulagu's campaign in the Middle East","kind":"campaign","y0":1255.1666666666667,"y1":1255.25,"to":1260,"last":false,"head":true,"rotate":166},"geometry":{"type":"Point","coordinates":[62.865,38.848]}},{"type":"Feature","properties":{"id":"hulagu","name":"Hulagu's campaign in the Middle East","kind":"campaign","y0":1255.25,"y1":1255.3333333333333,"to":1260,"last":false},"geometry":{"type":"LineString","coordinates":[[62.865,38.848],[61.5,38.58]]}},{"type":"Feature","properties":{"id":"hulagu","name":"Hulagu's campaign in the Middle East","kind":"campaign","y0":1255.25,"y1":1255.3333333333333,"to":1260,"last":false,"head":true,"rotate":166},"geometry":{"type":"Point","coordinates":[61.5,38.58]}},{"type":"Feature","properties":{"id":"hulagu","name":"Hulagu's campaign in the Middle East","kind":"campaign","y0":1255.3333333333333,"y1":1255.4166666666667,"to":1260,"last":false},"geometry":{"type":"LineString","coordinates":[[61.5,38.58],[60.135,38.313]]}},{"type":"Feature","properties":{"id":"hulagu","name":"Hulagu's campaign in the Middle East","kind":"campaign","y0":1255.3333333333333,"y1":1255.4166666666667,"to":1260,"last":false,"head":true,"rotate":166},"geometry":{"type":"Point","coordinates":[60.135,38.313]}},{"type":"Feature","properties":{"id":"hulagu","name":"Hulagu's campaign in the Middle East","kind":"campaign","y0":1255.4166666666667,"y1":1255.5,"to":1260,"last":false},"geometry":{"type":"LineString","coordinates":[[60.135,38.313],[58.77,38.045]]}},{"type":"Feature","properties":{"id":"hulagu","name":"Hulagu's campaign in the Middle East","kind":"campaign","y0":1255.4166666666667,"y1":1255.5,"to":1260,"last":false,"head":true,"rotate":166},"geometry":{"type":"Point","coordinates":[58.77,38.045]}},{"type":"Feature","properties":{"id":"hulagu","name":"Hulagu's campaign in the Middle East","kind":"campaign","y0":1255.5,"y1":1255.5833333333333,"to":1260,"last":false},"geometry":{"type":"LineString","coordinates":[[58.77,38.045],[57.405,37.777]]}},{"type":"Feature","properties":{"id":"hulagu","name":"Hulagu's campaign in the Middle East","kind":"campaign","y0":1255.5,"y1":1255.5833333333333,"to":1260,"last":false,"head":true,"rotate":166},"geometry":{"type":"Point","coordinates":[57.405,37.777]}},{"type":"Feature","properties":{"id":"hulagu","name":"Hulagu's campaign in the Middle East","kind":"campaign","y0":1255.5833333333333,"y1":1255.6666666666667,"to":1260,"last":false},"geometry":{"type":"LineString","coordinates":[[57.405,37.777],[56.04,37.51]]}},{"type":"Feature","properties":{"id":"hulagu","name":"Hulagu's campaign in the Middle East","kind":"campaign","y0":1255.5833333333333,"y1":1255.6666666666667,"to":1260,"last":false,"head":true,"rotate":166},"geometry":{"type":"Point","coordinates":[56.04,37.51]}},{"type":"Feature","properties":{"id":"hulagu","name":"Hulagu's campaign in the Middle East","kind":"campaign","y0":1255.6666666666667,"y1":1255.75,"to":1260,"last":false},"geometry":{"type":"LineString","coordinates":[[56.04,37.51],[54.675,37.243]]}},{"type":"Feature","properties":{"id":"hulagu","name":"Hulagu's campaign in the Middle East","kind":"campaign","y0":1255.6666666666667,"y1":1255.75,"to":1260,"last":false,"head":true,"rotate":166},"geometry":{"type":"Point","coordinates":[54.675,37.243]}},{"type":"Feature","properties":{"id":"hulagu","name":"Hulagu's campaign in the Middle East","kind":"campaign","y0":1255.75,"y1":1255.8333333333333,"to":1260,"last":false},"geometry":{"type":"LineString","coordinates":[[54.675,37.243],[53.31,36.975]]}},{"type":"Feature","properties":{"id":"hulagu","name":"Hulagu's campaign in the Middle East","kind":"campaign","y0":1255.75,"y1":1255.8333333333333,"to":1260,"last":false,"head":true,"rotate":166},"geometry":{"type":"Point","coordinates":[53.31,36.975]}},{"type":"Feature","properties":{"id":"hulagu","name":"Hulagu's campaign in the Middle East","kind":"campaign","y0":1255.8333333333333,"y1":1255.9166666666667,"to":1260,"last":false},"geometry":{"type":"LineString","coordinates":[[53.31,36.975],[51.945,36.707]]}},{"type":"Feature","properties":{"id":"hulagu","name":"Hulagu's campaign in the Middle East","kind":"campaign","y0":1255.8333333333333,"y1":1255.9166666666667,"to":1260,"last":false,"head":true,"rotate":166},"geometry":{"type":"Point","coordinates":[51.945,36.707]}},{"type":"Feature","properties":{"id":"hulagu","name":"Hulagu's campaign in the Middle East","kind":"campaign","y0":1255.9166666666667,"y1":1256,"to":1260,"last":false},"geometry":{"type":"LineString","coordinates":[[51.945,36.707],[50.58,36.44]]}},{"type":"Feature","properties":{"id":"hulagu","name":"Hulagu's campaign in the Middle East","kind":"campaign","y0":1255.9166666666667,"y1":1256,"to":1260,"last":false,"head":true,"rotate":166},"geometry":{"type":"Point","coordinates":[50.58,36.44]}},{"type":"Feature","properties":{"id":"hulagu","name":"Hulagu's campaign in the Middle East","kind":"campaign","y0":1256,"y1":1256.4,"to":1260,"last":false},"geometry":{"type":"LineString","coordinates":[[50.58,36.44],[49.344,35.812]]}},{"type":"Feature","properties":{"id":"hulagu","name":"Hulagu's campaign in the Middle East","kind":"campaign","y0":1256,"y1":1256.4,"to":1260,"last":false,"head":true,"rotate":148},"geometry":{"type":"Point","coordinates":[49.344,35.812]}},{"type":"Feature","properties":{"id":"hulagu","name":"Hulagu's campaign in the Middle East","kind":"campaign","y0":1256.4,"y1":1256.8,"to":1260,"last":false},"geometry":{"type":"LineString","coordinates":[[49.344,35.812],[48.108,35.184]]}},{"type":"Feature","properties":{"id":"hulagu","name":"Hulagu's campaign in the Middle East","kind":"campaign","y0":1256.4,"y1":1256.8,"to":1260,"last":false,"head":true,"rotate":148},"geometry":{"type":"Point","coordinates":[48.108,35.184]}},{"type":"Feature","properties":{"id":"hulagu","name":"Hulagu's campaign in the Middle East","kind":"campaign","y0":1256.8,"y1":1257.2,"to":1260,"last":false},"geometry":{"type":"LineString","coordinates":[[48.108,35.184],[46.872,34.556]]}},{"type":"Feature","properties":{"id":"hulagu","name":"Hulagu's campaign in the Middle East","kind":"campaign","y0":1256.8,"y1":1257.2,"to":1260,"last":false,"head":true,"rotate":148},"geometry":{"type":"Point","coordinates":[46.872,34.556]}},{"type":"Feature","properties":{"id":"hulagu","name":"Hulagu's campaign in the Middle East","kind":"campaign","y0":1257.2,"y1":1257.6,"to":1260,"last":false},"geometry":{"type":"LineString","coordinates":[[46.872,34.556],[45.636,33.928]]}},{"type":"Feature","properties":{"id":"hulagu","name":"Hulagu's campaign in the Middle East","kind":"campaign","y0":1257.2,"y1":1257.6,"to":1260,"last":false,"head":true,"rotate":148},"geometry":{"type":"Point","coordinates":[45.636,33.928]}},{"type":"Feature","properties":{"id":"hulagu","name":"Hulagu's campaign in the Middle East","kind":"campaign","y0":1257.6,"y1":1258,"to":1260,"last":false},"geometry":{"type":"LineString","coordinates":[[45.636,33.928],[44.4,33.3]]}},{"type":"Feature","properties":{"id":"hulagu","name":"Hulagu's campaign in the Middle East","kind":"campaign","y0":1257.6,"y1":1258,"to":1260,"last":false,"head":true,"rotate":149},"geometry":{"type":"Point","coordinates":[44.4,33.3]}},{"type":"Feature","properties":{"id":"hulagu","name":"Hulagu's campaign in the Middle East","kind":"campaign","y0":1258,"y1":1258.3333333333333,"to":1260,"last":false},"geometry":{"type":"LineString","coordinates":[[44.4,33.3],[43.193,33.783]]}},{"type":"Feature","properties":{"id":"hulagu","name":"Hulagu's campaign in the Middle East","kind":"campaign","y0":1258,"y1":1258.3333333333333,"to":1260,"last":false,"head":true,"rotate":-154},"geometry":{"type":"Point","coordinates":[43.193,33.783]}},{"type":"Feature","properties":{"id":"hulagu","name":"Hulagu's campaign in the Middle East","kind":"campaign","y0":1258.3333333333333,"y1":1258.6666666666667,"to":1260,"last":false},"geometry":{"type":"LineString","coordinates":[[43.193,33.783],[41.987,34.267]]}},{"type":"Feature","properties":{"id":"hulagu","name":"Hulagu's campaign in the Middle East","kind":"campaign","y0":1258.3333333333333,"y1":1258.6666666666667,"to":1260,"last":false,"head":true,"rotate":-154},"geometry":{"type":"Point","coordinates":[41.987,34.267]}},{"type":"Feature","properties":{"id":"hulagu","name":"Hulagu's campaign in the Middle East","kind":"campaign","y0":1258.6666666666667,"y1":1259,"to":1260,"last":false},"geometry":{"type":"LineString","coordinates":[[41.987,34.267],[40.78,34.75]]}},{"type":"Feature","properties":{"id":"hulagu","name":"Hulagu's campaign in the Middle East","kind":"campaign","y0":1258.6666666666667,"y1":1259,"to":1260,"last":false,"head":true,"rotate":-154},"geometry":{"type":"Point","coordinates":[40.78,34.75]}},{"type":"Feature","properties":{"id":"hulagu","name":"Hulagu's campaign in the Middle East","kind":"campaign","y0":1259,"y1":1259.3333333333333,"to":1260,"last":false},"geometry":{"type":"LineString","coordinates":[[40.78,34.75],[39.573,35.233]]}},{"type":"Feature","properties":{"id":"hulagu","name":"Hulagu's campaign in the Middle East","kind":"campaign","y0":1259,"y1":1259.3333333333333,"to":1260,"last":false,"head":true,"rotate":-154},"geometry":{"type":"Point","coordinates":[39.573,35.233]}},{"type":"Feature","properties":{"id":"hulagu","name":"Hulagu's campaign in the Middle East","kind":"campaign","y0":1259.3333333333333,"y1":1259.6666666666667,"to":1260,"last":false},"geometry":{"type":"LineString","coordinates":[[39.573,35.233],[38.367,35.717]]}},{"type":"Feature","properties":{"id":"hulagu","name":"Hulagu's campaign in the Middle East","kind":"campaign","y0":1259.3333333333333,"y1":1259.6666666666667,"to":1260,"last":false,"head":true,"rotate":-154},"geometry":{"type":"Point","coordinates":[38.367,35.717]}},{"type":"Feature","properties":{"id":"hulagu","name":"Hulagu's campaign in the Middle East","kind":"campaign","y0":1259.6666666666667,"y1":1260,"to":1260,"last":false},"geometry":{"type":"LineString","coordinates":[[38.367,35.717],[37.16,36.2]]}},{"type":"Feature","properties":{"id":"hulagu","name":"Hulagu's campaign in the Middle East","kind":"campaign","y0":1259.6666666666667,"y1":1260,"to":1260,"last":false,"head":true,"rotate":-154},"geometry":{"type":"Point","coordinates":[37.16,36.2]}},{"type":"Feature","properties":{"id":"hulagu","name":"Hulagu's campaign in the Middle East","kind":"campaign","y0":1260,"y1":1260,"to":1260,"last":false},"geometry":{"type":"LineString","coordinates":[[37.16,36.2],[36.573,34.983]]}},{"type":"Feature","properties":{"id":"hulagu","name":"Hulagu's campaign in the Middle East","kind":"campaign","y0":1260,"y1":1260,"to":1260,"last":false,"head":true,"rotate":111},"geometry":{"type":"Point","coordinates":[36.573,34.983]}},{"type":"Feature","properties":{"id":"hulagu","name":"Hulagu's campaign in the Middle East","kind":"campaign","y0":1260,"y1":1260,"to":1260,"last":false},"geometry":{"type":"LineString","coordinates":[[36.573,34.983],[35.987,33.767]]}},{"type":"Feature","properties":{"id":"hulagu","name":"Hulagu's campaign in the Middle East","kind":"campaign","y0":1260,"y1":1260,"to":1260,"last":false,"head":true,"rotate":112},"geometry":{"type":"Point","coordinates":[35.987,33.767]}},{"type":"Feature","properties":{"id":"hulagu","name":"Hulagu's campaign in the Middle East","kind":"campaign","y0":1260,"y1":1260,"to":1260,"last":true},"geometry":{"type":"LineString","coordinates":[[35.987,33.767],[35.4,32.55]]}},{"type":"Feature","properties":{"id":"hulagu","name":"Hulagu's campaign in the Middle East","kind":"campaign","y0":1260,"y1":1260,"to":1260,"last":true,"head":true,"rotate":112},"geometry":{"type":"Point","coordinates":[35.4,32.55]}},{"type":"Feature","properties":{"id":"kublai","name":"Mongol conquest of the Song","kind":"campaign","y0":1268,"y1":1269.3333333333333,"to":1279,"last":false},"geometry":{"type":"LineString","coordinates":[[112.15,32],[113.483,31.708]]}},{"type":"Feature","properties":{"id":"kublai","name":"Mongol conquest of the Song","kind":"campaign","y0":1268,"y1":1269.3333333333333,"to":1279,"last":false,"head":true,"rotate":14},"geometry":{"type":"Point","coordinates":[113.483,31.708]}},{"type":"Feature","properties":{"id":"kublai","name":"Mongol conquest of the Song","kind":"campaign","y0":1269.3333333333333,"y1":1270.6666666666667,"to":1279,"last":false},"geometry":{"type":"LineString","coordinates":[[113.483,31.708],[114.817,31.417]]}},{"type":"Feature","properties":{"id":"kublai","name":"Mongol conquest of the Song","kind":"campaign","y0":1269.3333333333333,"y1":1270.6666666666667,"to":1279,"last":false,"head":true,"rotate":14},"geometry":{"type":"Point","coordinates":[114.817,31.417]}},{"type":"Feature","properties":{"id":"kublai","name":"Mongol conquest of the Song","kind":"campaign","y0":1270.6666666666667,"y1":1272,"to":1279,"last":false},"geometry":{"type":"LineString","coordinates":[[114.817,31.417],[116.15,31.125]]}},{"type":"Feature","properties":{"id":"kublai","name":"Mongol conquest of the Song","kind":"campaign","y0":1270.6666666666667,"y1":1272,"to":1279,"last":false,"head":true,"rotate":14},"geometry":{"type":"Point","coordinates":[116.15,31.125]}},{"type":"Feature","properties":{"id":"kublai","name":"Mongol conquest of the Song","kind":"campaign","y0":1272,"y1":1273.3333333333333,"to":1279,"last":false},"geometry":{"type":"LineString","coordinates":[[116.15,31.125],[117.483,30.833]]}},{"type":"Feature","properties":{"id":"kublai","name":"Mongol conquest of the Song","kind":"campaign","y0":1272,"y1":1273.3333333333333,"to":1279,"last":false,"head":true,"rotate":14},"geometry":{"type":"Point","coordinates":[117.483,30.833]}},{"type":"Feature","properties":{"id":"kublai","name":"Mongol conquest of the Song","kind":"campaign","y0":1273.3333333333333,"y1":1274.6666666666667,"to":1279,"last":false},"geometry":{"type":"LineString","coordinates":[[117.483,30.833],[118.817,30.542]]}},{"type":"Feature","properties":{"id":"kublai","name":"Mongol conquest of the Song","kind":"campaign","y0":1273.3333333333333,"y1":1274.6666666666667,"to":1279,"last":false,"head":true,"rotate":14},"geometry":{"type":"Point","coordinates":[118.817,30.542]}},{"type":"Feature","properties":{"id":"kublai","name":"Mongol conquest of the Song","kind":"campaign","y0":1274.6666666666667,"y1":1276,"to":1279,"last":false},"geometry":{"type":"LineString","coordinates":[[118.817,30.542],[120.15,30.25]]}},{"type":"Feature","properties":{"id":"kublai","name":"Mongol conquest of the Song","kind":"campaign","y0":1274.6666666666667,"y1":1276,"to":1279,"last":false,"head":true,"rotate":14},"geometry":{"type":"Point","coordinates":[120.15,30.25]}},{"type":"Feature","properties":{"id":"kublai","name":"Mongol conquest of the Song","kind":"campaign","y0":1276,"y1":1276.375,"to":1279,"last":false},"geometry":{"type":"LineString","coordinates":[[120.15,30.25],[119.269,29.231]]}},{"type":"Feature","properties":{"id":"kublai","name":"Mongol conquest of the Song","kind":"campaign","y0":1276,"y1":1276.375,"to":1279,"last":false,"head":true,"rotate":127},"geometry":{"type":"Point","coordinates":[119.269,29.231]}},{"type":"Feature","properties":{"id":"kublai","name":"Mongol conquest of the Song","kind":"campaign","y0":1276.375,"y1":1276.75,"to":1279,"last":false},"geometry":{"type":"LineString","coordinates":[[119.269,29.231],[118.388,28.213]]}},{"type":"Feature","properties":{"id":"kublai","name":"Mongol conquest of the Song","kind":"campaign","y0":1276.375,"y1":1276.75,"to":1279,"last":false,"head":true,"rotate":127},"geometry":{"type":"Point","coordinates":[118.388,28.213]}},{"type":"Feature","properties":{"id":"kublai","name":"Mongol conquest of the Song","kind":"campaign","y0":1276.75,"y1":1277.125,"to":1279,"last":false},"geometry":{"type":"LineString","coordinates":[[118.388,28.213],[117.506,27.194]]}},{"type":"Feature","properties":{"id":"kublai","name":"Mongol conquest of the Song","kind":"campaign","y0":1276.75,"y1":1277.125,"to":1279,"last":false,"head":true,"rotate":127},"geometry":{"type":"Point","coordinates":[117.506,27.194]}},{"type":"Feature","properties":{"id":"kublai","name":"Mongol conquest of the Song","kind":"campaign","y0":1277.125,"y1":1277.5,"to":1279,"last":false},"geometry":{"type":"LineString","coordinates":[[117.506,27.194],[116.625,26.175]]}},{"type":"Feature","properties":{"id":"kublai","name":"Mongol conquest of the Song","kind":"campaign","y0":1277.125,"y1":1277.5,"to":1279,"last":false,"head":true,"rotate":128},"geometry":{"type":"Point","coordinates":[116.625,26.175]}},{"type":"Feature","properties":{"id":"kublai","name":"Mongol conquest of the Song","kind":"campaign","y0":1277.5,"y1":1277.875,"to":1279,"last":false},"geometry":{"type":"LineString","coordinates":[[116.625,26.175],[115.744,25.156]]}},{"type":"Feature","properties":{"id":"kublai","name":"Mongol conquest of the Song","kind":"campaign","y0":1277.5,"y1":1277.875,"to":1279,"last":false,"head":true,"rotate":128},"geometry":{"type":"Point","coordinates":[115.744,25.156]}},{"type":"Feature","properties":{"id":"kublai","name":"Mongol conquest of the Song","kind":"campaign","y0":1277.875,"y1":1278.25,"to":1279,"last":false},"geometry":{"type":"LineString","coordinates":[[115.744,25.156],[114.863,24.138]]}},{"type":"Feature","properties":{"id":"kublai","name":"Mongol conquest of the Song","kind":"campaign","y0":1277.875,"y1":1278.25,"to":1279,"last":false,"head":true,"rotate":128},"geometry":{"type":"Point","coordinates":[114.863,24.138]}},{"type":"Feature","properties":{"id":"kublai","name":"Mongol conquest of the Song","kind":"campaign","y0":1278.25,"y1":1278.625,"to":1279,"last":false},"geometry":{"type":"LineString","coordinates":[[114.863,24.138],[113.981,23.119]]}},{"type":"Feature","properties":{"id":"kublai","name":"Mongol conquest of the Song","kind":"campaign","y0":1278.25,"y1":1278.625,"to":1279,"last":false,"head":true,"rotate":128},"geometry":{"type":"Point","coordinates":[113.981,23.119]}},{"type":"Feature","properties":{"id":"kublai","name":"Mongol conquest of the Song","kind":"campaign","y0":1278.625,"y1":1279,"to":1279,"last":true},"geometry":{"type":"LineString","coordinates":[[113.981,23.119],[113.1,22.1]]}},{"type":"Feature","properties":{"id":"kublai","name":"Mongol conquest of the Song","kind":"campaign","y0":1278.625,"y1":1279,"to":1279,"last":true,"head":true,"rotate":129},"geometry":{"type":"Point","coordinates":[113.1,22.1]}},{"type":"Feature","properties":{"id":"ndebele","name":"Mzilikazi's Ndebele migration","kind":"migration","y0":1822,"y1":1823.6666666666667,"to":1840,"last":false},"geometry":{"type":"LineString","coordinates":[[31.3,-28.3],[30.267,-27.45]]}},{"type":"Feature","properties":{"id":"ndebele","name":"Mzilikazi's Ndebele migration","kind":"migration","y0":1822,"y1":1823.6666666666667,"to":1840,"last":false,"head":true,"rotate":-137},"geometry":{"type":"Point","coordinates":[30.267,-27.45]}},{"type":"Feature","properties":{"id":"ndebele","name":"Mzilikazi's Ndebele migration","kind":"migration","y0":1823.6666666666667,"y1":1825.3333333333333,"to":1840,"last":false},"geometry":{"type":"LineString","coordinates":[[30.267,-27.45],[29.233,-26.6]]}},{"type":"Feature","properties":{"id":"ndebele","name":"Mzilikazi's Ndebele migration","kind":"migration","y0":1823.6666666666667,"y1":1825.3333333333333,"to":1840,"last":false,"head":true,"rotate":-137},"geometry":{"type":"Point","coordinates":[29.233,-26.6]}},{"type":"Feature","properties":{"id":"ndebele","name":"Mzilikazi's Ndebele migration","kind":"migration","y0":1825.3333333333333,"y1":1827,"to":1840,"last":false},"geometry":{"type":"LineString","coordinates":[[29.233,-26.6],[28.2,-25.75]]}},{"type":"Feature","properties":{"id":"ndebele","name":"Mzilikazi's Ndebele migration","kind":"migration","y0":1825.3333333333333,"y1":1827,"to":1840,"last":false,"head":true,"rotate":-137},"geometry":{"type":"Point","coordinates":[28.2,-25.75]}},{"type":"Feature","properties":{"id":"ndebele","name":"Mzilikazi's Ndebele migration","kind":"migration","y0":1827,"y1":1829.5,"to":1840,"last":false},"geometry":{"type":"LineString","coordinates":[[28.2,-25.75],[27.15,-25.575]]}},{"type":"Feature","properties":{"id":"ndebele","name":"Mzilikazi's Ndebele migration","kind":"migration","y0":1827,"y1":1829.5,"to":1840,"last":false,"head":true,"rotate":-170},"geometry":{"type":"Point","coordinates":[27.15,-25.575]}},{"type":"Feature","properties":{"id":"ndebele","name":"Mzilikazi's Ndebele migration","kind":"migration","y0":1829.5,"y1":1832,"to":1840,"last":false},"geometry":{"type":"LineString","coordinates":[[27.15,-25.575],[26.1,-25.4]]}},{"type":"Feature","properties":{"id":"ndebele","name":"Mzilikazi's Ndebele migration","kind":"migration","y0":1829.5,"y1":1832,"to":1840,"last":false,"head":true,"rotate":-170},"geometry":{"type":"Point","coordinates":[26.1,-25.4]}},{"type":"Feature","properties":{"id":"ndebele","name":"Mzilikazi's Ndebele migration","kind":"migration","y0":1832,"y1":1834,"to":1840,"last":false},"geometry":{"type":"LineString","coordinates":[[26.1,-25.4],[26.567,-24.333]]}},{"type":"Feature","properties":{"id":"ndebele","name":"Mzilikazi's Ndebele migration","kind":"migration","y0":1832,"y1":1834,"to":1840,"last":false,"head":true,"rotate":-68},"geometry":{"type":"Point","coordinates":[26.567,-24.333]}},{"type":"Feature","properties":{"id":"ndebele","name":"Mzilikazi's Ndebele migration","kind":"migration","y0":1834,"y1":1836,"to":1840,"last":false},"geometry":{"type":"LineString","coordinates":[[26.567,-24.333],[27.033,-23.267]]}},{"type":"Feature","properties":{"id":"ndebele","name":"Mzilikazi's Ndebele migration","kind":"migration","y0":1834,"y1":1836,"to":1840,"last":false,"head":true,"rotate":-68},"geometry":{"type":"Point","coordinates":[27.033,-23.267]}},{"type":"Feature","properties":{"id":"ndebele","name":"Mzilikazi's Ndebele migration","kind":"migration","y0":1836,"y1":1838,"to":1840,"last":false},"geometry":{"type":"LineString","coordinates":[[27.033,-23.267],[27.5,-22.2]]}},{"type":"Feature","properties":{"id":"ndebele","name":"Mzilikazi's Ndebele migration","kind":"migration","y0":1836,"y1":1838,"to":1840,"last":false,"head":true,"rotate":-68},"geometry":{"type":"Point","coordinates":[27.5,-22.2]}},{"type":"Feature","properties":{"id":"ndebele","name":"Mzilikazi's Ndebele migration","kind":"migration","y0":1838,"y1":1839,"to":1840,"last":false},"geometry":{"type":"LineString","coordinates":[[27.5,-22.2],[28.05,-21.175]]}},{"type":"Feature","properties":{"id":"ndebele","name":"Mzilikazi's Ndebele migration","kind":"migration","y0":1838,"y1":1839,"to":1840,"last":false,"head":true,"rotate":-63},"geometry":{"type":"Point","coordinates":[28.05,-21.175]}},{"type":"Feature","properties":{"id":"ndebele","name":"Mzilikazi's Ndebele migration","kind":"migration","y0":1839,"y1":1840,"to":1840,"last":true},"geometry":{"type":"LineString","coordinates":[[28.05,-21.175],[28.6,-20.15]]}},{"type":"Feature","properties":{"id":"ndebele","name":"Mzilikazi's Ndebele migration","kind":"migration","y0":1839,"y1":1840,"to":1840,"last":true,"head":true,"rotate":-63},"geometry":{"type":"Point","coordinates":[28.6,-20.15]}},{"type":"Feature","properties":{"id":"shangane","name":"Soshangane's Gaza migration","kind":"migration","y0":1819,"y1":1820,"to":1830,"last":false},"geometry":{"type":"LineString","coordinates":[[31.8,-27.6],[32.2,-26.775]]}},{"type":"Feature","properties":{"id":"shangane","name":"Soshangane's Gaza migration","kind":"migration","y0":1819,"y1":1820,"to":1830,"last":false,"head":true,"rotate":-67},"geometry":{"type":"Point","coordinates":[32.2,-26.775]}},{"type":"Feature","properties":{"id":"shangane","name":"Soshangane's Gaza migration","kind":"migration","y0":1820,"y1":1821,"to":1830,"last":false},"geometry":{"type":"LineString","coordinates":[[32.2,-26.775],[32.6,-25.95]]}},{"type":"Feature","properties":{"id":"shangane","name":"Soshangane's Gaza migration","kind":"migration","y0":1820,"y1":1821,"to":1830,"last":false,"head":true,"rotate":-67},"geometry":{"type":"Point","coordinates":[32.6,-25.95]}},{"type":"Feature","properties":{"id":"shangane","name":"Soshangane's Gaza migration","kind":"migration","y0":1821,"y1":1825.5,"to":1830,"last":false},"geometry":{"type":"LineString","coordinates":[[32.6,-25.95],[33,-24.675]]}},{"type":"Feature","properties":{"id":"shangane","name":"Soshangane's Gaza migration","kind":"migration","y0":1821,"y1":1825.5,"to":1830,"last":false,"head":true,"rotate":-74},"geometry":{"type":"Point","coordinates":[33,-24.675]}},{"type":"Feature","properties":{"id":"shangane","name":"Soshangane's Gaza migration","kind":"migration","y0":1825.5,"y1":1830,"to":1830,"last":true},"geometry":{"type":"LineString","coordinates":[[33,-24.675],[33.4,-23.4]]}},{"type":"Feature","properties":{"id":"shangane","name":"Soshangane's Gaza migration","kind":"migration","y0":1825.5,"y1":1830,"to":1830,"last":true,"head":true,"rotate":-74},"geometry":{"type":"Point","coordinates":[33.4,-23.4]}},{"type":"Feature","properties":{"id":"ngoni","name":"Zwangendaba's Ngoni migration","kind":"migration","y0":1819,"y1":1820,"to":1845,"last":false},"geometry":{"type":"LineString","coordinates":[[31.8,-27.6],[32.2,-26.567]]}},{"type":"Feature","properties":{"id":"ngoni","name":"Zwangendaba's Ngoni migration","kind":"migration","y0":1819,"y1":1820,"to":1845,"last":false,"head":true,"rotate":-71},"geometry":{"type":"Point","coordinates":[32.2,-26.567]}},{"type":"Feature","properties":{"id":"ngoni","name":"Zwangendaba's Ngoni migration","kind":"migration","y0":1820,"y1":1821,"to":1845,"last":false},"geometry":{"type":"LineString","coordinates":[[32.2,-26.567],[32.6,-25.533]]}},{"type":"Feature","properties":{"id":"ngoni","name":"Zwangendaba's Ngoni migration","kind":"migration","y0":1820,"y1":1821,"to":1845,"last":false,"head":true,"rotate":-71},"geometry":{"type":"Point","coordinates":[32.6,-25.533]}},{"type":"Feature","properties":{"id":"ngoni","name":"Zwangendaba's Ngoni migration","kind":"migration","y0":1821,"y1":1822,"to":1845,"last":false},"geometry":{"type":"LineString","coordinates":[[32.6,-25.533],[33,-24.5]]}},{"type":"Feature","properties":{"id":"ngoni","name":"Zwangendaba's Ngoni migration","kind":"migration","y0":1821,"y1":1822,"to":1845,"last":false,"head":true,"rotate":-71},"geometry":{"type":"Point","coordinates":[33,-24.5]}},{"type":"Feature","properties":{"id":"ngoni","name":"Zwangendaba's Ngoni migration","kind":"migration","y0":1822,"y1":1824.25,"to":1845,"last":false},"geometry":{"type":"LineString","coordinates":[[33,-24.5],[32.5,-23.125]]}},{"type":"Feature","properties":{"id":"ngoni","name":"Zwangendaba's Ngoni migration","kind":"migration","y0":1822,"y1":1824.25,"to":1845,"last":false,"head":true,"rotate":-108},"geometry":{"type":"Point","coordinates":[32.5,-23.125]}},{"type":"Feature","properties":{"id":"ngoni","name":"Zwangendaba's Ngoni migration","kind":"migration","y0":1824.25,"y1":1826.5,"to":1845,"last":false},"geometry":{"type":"LineString","coordinates":[[32.5,-23.125],[32,-21.75]]}},{"type":"Feature","properties":{"id":"ngoni","name":"Zwangendaba's Ngoni migration","kind":"migration","y0":1824.25,"y1":1826.5,"to":1845,"last":false,"head":true,"rotate":-109},"geometry":{"type":"Point","coordinates":[32,-21.75]}},{"type":"Feature","properties":{"id":"ngoni","name":"Zwangendaba's Ngoni migration","kind":"migration","y0":1826.5,"y1":1828.75,"to":1845,"last":false},"geometry":{"type":"LineString","coordinates":[[32,-21.75],[31.5,-20.375]]}},{"type":"Feature","properties":{"id":"ngoni","name":"Zwangendaba's Ngoni migration","kind":"migration","y0":1826.5,"y1":1828.75,"to":1845,"last":false,"head":true,"rotate":-109},"geometry":{"type":"Point","coordinates":[31.5,-20.375]}},{"type":"Feature","properties":{"id":"ngoni","name":"Zwangendaba's Ngoni migration","kind":"migration","y0":1828.75,"y1":1831,"to":1845,"last":false},"geometry":{"type":"LineString","coordinates":[[31.5,-20.375],[31,-19]]}},{"type":"Feature","properties":{"id":"ngoni","name":"Zwangendaba's Ngoni migration","kind":"migration","y0":1828.75,"y1":1831,"to":1845,"last":false,"head":true,"rotate":-109},"geometry":{"type":"Point","coordinates":[31,-19]}},{"type":"Feature","properties":{"id":"ngoni","name":"Zwangendaba's Ngoni migration","kind":"migration","y0":1831,"y1":1832.3333333333333,"to":1845,"last":false},"geometry":{"type":"LineString","coordinates":[[31,-19],[31.533,-17.867]]}},{"type":"Feature","properties":{"id":"ngoni","name":"Zwangendaba's Ngoni migration","kind":"migration","y0":1831,"y1":1832.3333333333333,"to":1845,"last":false,"head":true,"rotate":-66},"geometry":{"type":"Point","coordinates":[31.533,-17.867]}},{"type":"Feature","properties":{"id":"ngoni","name":"Zwangendaba's Ngoni migration","kind":"migration","y0":1832.3333333333333,"y1":1833.6666666666667,"to":1845,"last":false},"geometry":{"type":"LineString","coordinates":[[31.533,-17.867],[32.067,-16.733]]}},{"type":"Feature","properties":{"id":"ngoni","name":"Zwangendaba's Ngoni migration","kind":"migration","y0":1832.3333333333333,"y1":1833.6666666666667,"to":1845,"last":false,"head":true,"rotate":-66},"geometry":{"type":"Point","coordinates":[32.067,-16.733]}},{"type":"Feature","properties":{"id":"ngoni","name":"Zwangendaba's Ngoni migration","kind":"migration","y0":1833.6666666666667,"y1":1835,"to":1845,"last":false},"geometry":{"type":"LineString","coordinates":[[32.067,-16.733],[32.6,-15.6]]}},{"type":"Feature","properties":{"id":"ngoni","name":"Zwangendaba's Ngoni migration","kind":"migration","y0":1833.6666666666667,"y1":1835,"to":1845,"last":false,"head":true,"rotate":-66},"geometry":{"type":"Point","coordinates":[32.6,-15.6]}},{"type":"Feature","properties":{"id":"ngoni","name":"Zwangendaba's Ngoni migration","kind":"migration","y0":1835,"y1":1836.6666666666667,"to":1845,"last":false},"geometry":{"type":"LineString","coordinates":[[32.6,-15.6],[32.9,-14.233]]}},{"type":"Feature","properties":{"id":"ngoni","name":"Zwangendaba's Ngoni migration","kind":"migration","y0":1835,"y1":1836.6666666666667,"to":1845,"last":false,"head":true,"rotate":-78},"geometry":{"type":"Point","coordinates":[32.9,-14.233]}},{"type":"Feature","properties":{"id":"ngoni","name":"Zwangendaba's Ngoni migration","kind":"migration","y0":1836.6666666666667,"y1":1838.3333333333333,"to":1845,"last":false},"geometry":{"type":"LineString","coordinates":[[32.9,-14.233],[33.2,-12.867]]}},{"type":"Feature","properties":{"id":"ngoni","name":"Zwangendaba's Ngoni migration","kind":"migration","y0":1836.6666666666667,"y1":1838.3333333333333,"to":1845,"last":false,"head":true,"rotate":-78},"geometry":{"type":"Point","coordinates":[33.2,-12.867]}},{"type":"Feature","properties":{"id":"ngoni","name":"Zwangendaba's Ngoni migration","kind":"migration","y0":1838.3333333333333,"y1":1840,"to":1845,"last":false},"geometry":{"type":"LineString","coordinates":[[33.2,-12.867],[33.5,-11.5]]}},{"type":"Feature","properties":{"id":"ngoni","name":"Zwangendaba's Ngoni migration","kind":"migration","y0":1838.3333333333333,"y1":1840,"to":1845,"last":false,"head":true,"rotate":-78},"geometry":{"type":"Point","coordinates":[33.5,-11.5]}},{"type":"Feature","properties":{"id":"ngoni","name":"Zwangendaba's Ngoni migration","kind":"migration","y0":1840,"y1":1841.6666666666667,"to":1845,"last":false},"geometry":{"type":"LineString","coordinates":[[33.5,-11.5],[32.867,-10.333]]}},{"type":"Feature","properties":{"id":"ngoni","name":"Zwangendaba's Ngoni migration","kind":"migration","y0":1840,"y1":1841.6666666666667,"to":1845,"last":false,"head":true,"rotate":-118},"geometry":{"type":"Point","coordinates":[32.867,-10.333]}},{"type":"Feature","properties":{"id":"ngoni","name":"Zwangendaba's Ngoni migration","kind":"migration","y0":1841.6666666666667,"y1":1843.3333333333333,"to":1845,"last":false},"geometry":{"type":"LineString","coordinates":[[32.867,-10.333],[32.233,-9.167]]}},{"type":"Feature","properties":{"id":"ngoni","name":"Zwangendaba's Ngoni migration","kind":"migration","y0":1841.6666666666667,"y1":1843.3333333333333,"to":1845,"last":false,"head":true,"rotate":-118},"geometry":{"type":"Point","coordinates":[32.233,-9.167]}},{"type":"Feature","properties":{"id":"ngoni","name":"Zwangendaba's Ngoni migration","kind":"migration","y0":1843.3333333333333,"y1":1845,"to":1845,"last":true},"geometry":{"type":"LineString","coordinates":[[32.233,-9.167],[31.6,-8]]}},{"type":"Feature","properties":{"id":"ngoni","name":"Zwangendaba's Ngoni migration","kind":"migration","y0":1843.3333333333333,"y1":1845,"to":1845,"last":true,"head":true,"rotate":-118},"geometry":{"type":"Point","coordinates":[31.6,-8]}},{"type":"Feature","properties":{"id":"kololo","name":"Sebetwane's Kololo migration","kind":"migration","y0":1822,"y1":1822.3333333333333,"to":1840,"last":false},"geometry":{"type":"LineString","coordinates":[[27.6,-28.3],[26.367,-27.9]]}},{"type":"Feature","properties":{"id":"kololo","name":"Sebetwane's Kololo migration","kind":"migration","y0":1822,"y1":1822.3333333333333,"to":1840,"last":false,"head":true,"rotate":-160},"geometry":{"type":"Point","coordinates":[26.367,-27.9]}},{"type":"Feature","properties":{"id":"kololo","name":"Sebetwane's Kololo migration","kind":"migration","y0":1822.3333333333333,"y1":1822.6666666666667,"to":1840,"last":false},"geometry":{"type":"LineString","coordinates":[[26.367,-27.9],[25.133,-27.5]]}},{"type":"Feature","properties":{"id":"kololo","name":"Sebetwane's Kololo migration","kind":"migration","y0":1822.3333333333333,"y1":1822.6666666666667,"to":1840,"last":false,"head":true,"rotate":-160},"geometry":{"type":"Point","coordinates":[25.133,-27.5]}},{"type":"Feature","properties":{"id":"kololo","name":"Sebetwane's Kololo migration","kind":"migration","y0":1822.6666666666667,"y1":1823,"to":1840,"last":false},"geometry":{"type":"LineString","coordinates":[[25.133,-27.5],[23.9,-27.1]]}},{"type":"Feature","properties":{"id":"kololo","name":"Sebetwane's Kololo migration","kind":"migration","y0":1822.6666666666667,"y1":1823,"to":1840,"last":false,"head":true,"rotate":-160},"geometry":{"type":"Point","coordinates":[23.9,-27.1]}},{"type":"Feature","properties":{"id":"kololo","name":"Sebetwane's Kololo migration","kind":"migration","y0":1823,"y1":1824.5,"to":1840,"last":false},"geometry":{"type":"LineString","coordinates":[[23.9,-27.1],[24.7,-25.85]]}},{"type":"Feature","properties":{"id":"kololo","name":"Sebetwane's Kololo migration","kind":"migration","y0":1823,"y1":1824.5,"to":1840,"last":false,"head":true,"rotate":-60},"geometry":{"type":"Point","coordinates":[24.7,-25.85]}},{"type":"Feature","properties":{"id":"kololo","name":"Sebetwane's Kololo migration","kind":"migration","y0":1824.5,"y1":1826,"to":1840,"last":false},"geometry":{"type":"LineString","coordinates":[[24.7,-25.85],[25.5,-24.6]]}},{"type":"Feature","properties":{"id":"kololo","name":"Sebetwane's Kololo migration","kind":"migration","y0":1824.5,"y1":1826,"to":1840,"last":false,"head":true,"rotate":-60},"geometry":{"type":"Point","coordinates":[25.5,-24.6]}},{"type":"Feature","properties":{"id":"kololo","name":"Sebetwane's Kololo migration","kind":"migration","y0":1826,"y1":1827.5,"to":1840,"last":false},"geometry":{"type":"LineString","coordinates":[[25.5,-24.6],[24.825,-23.55]]}},{"type":"Feature","properties":{"id":"kololo","name":"Sebetwane's Kololo migration","kind":"migration","y0":1826,"y1":1827.5,"to":1840,"last":false,"head":true,"rotate":-120},"geometry":{"type":"Point","coordinates":[24.825,-23.55]}},{"type":"Feature","properties":{"id":"kololo","name":"Sebetwane's Kololo migration","kind":"migration","y0":1827.5,"y1":1829,"to":1840,"last":false},"geometry":{"type":"LineString","coordinates":[[24.825,-23.55],[24.15,-22.5]]}},{"type":"Feature","properties":{"id":"kololo","name":"Sebetwane's Kololo migration","kind":"migration","y0":1827.5,"y1":1829,"to":1840,"last":false,"head":true,"rotate":-121},"geometry":{"type":"Point","coordinates":[24.15,-22.5]}},{"type":"Feature","properties":{"id":"kololo","name":"Sebetwane's Kololo migration","kind":"migration","y0":1829,"y1":1830.5,"to":1840,"last":false},"geometry":{"type":"LineString","coordinates":[[24.15,-22.5],[23.475,-21.45]]}},{"type":"Feature","properties":{"id":"kololo","name":"Sebetwane's Kololo migration","kind":"migration","y0":1829,"y1":1830.5,"to":1840,"last":false,"head":true,"rotate":-121},"geometry":{"type":"Point","coordinates":[23.475,-21.45]}},{"type":"Feature","properties":{"id":"kololo","name":"Sebetwane's Kololo migration","kind":"migration","y0":1830.5,"y1":1832,"to":1840,"last":false},"geometry":{"type":"LineString","coordinates":[[23.475,-21.45],[22.8,-20.4]]}},{"type":"Feature","properties":{"id":"kololo","name":"Sebetwane's Kololo migration","kind":"migration","y0":1830.5,"y1":1832,"to":1840,"last":false,"head":true,"rotate":-121},"geometry":{"type":"Point","coordinates":[22.8,-20.4]}},{"type":"Feature","properties":{"id":"kololo","name":"Sebetwane's Kololo migration","kind":"migration","y0":1832,"y1":1834,"to":1840,"last":false},"geometry":{"type":"LineString","coordinates":[[22.8,-20.4],[23.367,-19.533]]}},{"type":"Feature","properties":{"id":"kololo","name":"Sebetwane's Kololo migration","kind":"migration","y0":1832,"y1":1834,"to":1840,"last":false,"head":true,"rotate":-58},"geometry":{"type":"Point","coordinates":[23.367,-19.533]}},{"type":"Feature","properties":{"id":"kololo","name":"Sebetwane's Kololo migration","kind":"migration","y0":1834,"y1":1836,"to":1840,"last":false},"geometry":{"type":"LineString","coordinates":[[23.367,-19.533],[23.933,-18.667]]}},{"type":"Feature","properties":{"id":"kololo","name":"Sebetwane's Kololo migration","kind":"migration","y0":1834,"y1":1836,"to":1840,"last":false,"head":true,"rotate":-58},"geometry":{"type":"Point","coordinates":[23.933,-18.667]}},{"type":"Feature","properties":{"id":"kololo","name":"Sebetwane's Kololo migration","kind":"migration","y0":1836,"y1":1838,"to":1840,"last":false},"geometry":{"type":"LineString","coordinates":[[23.933,-18.667],[24.5,-17.8]]}},{"type":"Feature","properties":{"id":"kololo","name":"Sebetwane's Kololo migration","kind":"migration","y0":1836,"y1":1838,"to":1840,"last":false,"head":true,"rotate":-58},"geometry":{"type":"Point","coordinates":[24.5,-17.8]}},{"type":"Feature","properties":{"id":"kololo","name":"Sebetwane's Kololo migration","kind":"migration","y0":1838,"y1":1839,"to":1840,"last":false},"geometry":{"type":"LineString","coordinates":[[24.5,-17.8],[23.85,-16.55]]}},{"type":"Feature","properties":{"id":"kololo","name":"Sebetwane's Kololo migration","kind":"migration","y0":1838,"y1":1839,"to":1840,"last":false,"head":true,"rotate":-116},"geometry":{"type":"Point","coordinates":[23.85,-16.55]}},{"type":"Feature","properties":{"id":"kololo","name":"Sebetwane's Kololo migration","kind":"migration","y0":1839,"y1":1840,"to":1840,"last":true},"geometry":{"type":"LineString","coordinates":[[23.85,-16.55],[23.2,-15.3]]}},{"type":"Feature","properties":{"id":"kololo","name":"Sebetwane's Kololo migration","kind":"migration","y0":1839,"y1":1840,"to":1840,"last":true,"head":true,"rotate":-117},"geometry":{"type":"Point","coordinates":[23.2,-15.3]}},{"type":"Feature","properties":{"id":"great-trek-natal","name":"Great Trek to Natal","kind":"migration","y0":1835,"y1":1835.3333333333333,"to":1839,"last":false},"geometry":{"type":"LineString","coordinates":[[24.5,-32.25],[25.267,-31.233]]}},{"type":"Feature","properties":{"id":"great-trek-natal","name":"Great Trek to Natal","kind":"migration","y0":1835,"y1":1835.3333333333333,"to":1839,"last":false,"head":true,"rotate":-57},"geometry":{"type":"Point","coordinates":[25.267,-31.233]}},{"type":"Feature","properties":{"id":"great-trek-natal","name":"Great Trek to Natal","kind":"migration","y0":1835.3333333333333,"y1":1835.6666666666667,"to":1839,"last":false},"geometry":{"type":"LineString","coordinates":[[25.267,-31.233],[26.033,-30.217]]}},{"type":"Feature","properties":{"id":"great-trek-natal","name":"Great Trek to Natal","kind":"migration","y0":1835.3333333333333,"y1":1835.6666666666667,"to":1839,"last":false,"head":true,"rotate":-57},"geometry":{"type":"Point","coordinates":[26.033,-30.217]}},{"type":"Feature","properties":{"id":"great-trek-natal","name":"Great Trek to Natal","kind":"migration","y0":1835.6666666666667,"y1":1836,"to":1839,"last":false},"geometry":{"type":"LineString","coordinates":[[26.033,-30.217],[26.8,-29.2]]}},{"type":"Feature","properties":{"id":"great-trek-natal","name":"Great Trek to Natal","kind":"migration","y0":1835.6666666666667,"y1":1836,"to":1839,"last":false,"head":true,"rotate":-57},"geometry":{"type":"Point","coordinates":[26.8,-29.2]}},{"type":"Feature","properties":{"id":"great-trek-natal","name":"Great Trek to Natal","kind":"migration","y0":1836,"y1":1836.5,"to":1839,"last":false},"geometry":{"type":"LineString","coordinates":[[26.8,-29.2],[28.15,-28.95]]}},{"type":"Feature","properties":{"id":"great-trek-natal","name":"Great Trek to Natal","kind":"migration","y0":1836,"y1":1836.5,"to":1839,"last":false,"head":true,"rotate":-12},"geometry":{"type":"Point","coordinates":[28.15,-28.95]}},{"type":"Feature","properties":{"id":"great-trek-natal","name":"Great Trek to Natal","kind":"migration","y0":1836.5,"y1":1837,"to":1839,"last":false},"geometry":{"type":"LineString","coordinates":[[28.15,-28.95],[29.5,-28.7]]}},{"type":"Feature","properties":{"id":"great-trek-natal","name":"Great Trek to Natal","kind":"migration","y0":1836.5,"y1":1837,"to":1839,"last":false,"head":true,"rotate":-12},"geometry":{"type":"Point","coordinates":[29.5,-28.7]}},{"type":"Feature","properties":{"id":"great-trek-natal","name":"Great Trek to Natal","kind":"migration","y0":1837,"y1":1838,"to":1839,"last":false},"geometry":{"type":"LineString","coordinates":[[29.5,-28.7],[30.53,-28.1]]}},{"type":"Feature","properties":{"id":"great-trek-natal","name":"Great Trek to Natal","kind":"migration","y0":1837,"y1":1838,"to":1839,"last":false,"head":true,"rotate":-34},"geometry":{"type":"Point","coordinates":[30.53,-28.1]}},{"type":"Feature","properties":{"id":"great-trek-natal","name":"Great Trek to Natal","kind":"migration","y0":1838,"y1":1838.5,"to":1839,"last":false},"geometry":{"type":"LineString","coordinates":[[30.53,-28.1],[30.465,-28.85]]}},{"type":"Feature","properties":{"id":"great-trek-natal","name":"Great Trek to Natal","kind":"migration","y0":1838,"y1":1838.5,"to":1839,"last":false,"head":true,"rotate":94},"geometry":{"type":"Point","coordinates":[30.465,-28.85]}},{"type":"Feature","properties":{"id":"great-trek-natal","name":"Great Trek to Natal","kind":"migration","y0":1838.5,"y1":1839,"to":1839,"last":true},"geometry":{"type":"LineString","coordinates":[[30.465,-28.85],[30.4,-29.6]]}},{"type":"Feature","properties":{"id":"great-trek-natal","name":"Great Trek to Natal","kind":"migration","y0":1838.5,"y1":1839,"to":1839,"last":true,"head":true,"rotate":94},"geometry":{"type":"Point","coordinates":[30.4,-29.6]}},{"type":"Feature","properties":{"id":"great-trek-transvaal","name":"Great Trek to the Transvaal","kind":"migration","y0":1835,"y1":1835.3333333333333,"to":1838,"last":false},"geometry":{"type":"LineString","coordinates":[[24.5,-32.25],[25.267,-31.233]]}},{"type":"Feature","properties":{"id":"great-trek-transvaal","name":"Great Trek to the Transvaal","kind":"migration","y0":1835,"y1":1835.3333333333333,"to":1838,"last":false,"head":true,"rotate":-57},"geometry":{"type":"Point","coordinates":[25.267,-31.233]}},{"type":"Feature","properties":{"id":"great-trek-transvaal","name":"Great Trek to the Transvaal","kind":"migration","y0":1835.3333333333333,"y1":1835.6666666666667,"to":1838,"last":false},"geometry":{"type":"LineString","coordinates":[[25.267,-31.233],[26.033,-30.217]]}},{"type":"Feature","properties":{"id":"great-trek-transvaal","name":"Great Trek to the Transvaal","kind":"migration","y0":1835.3333333333333,"y1":1835.6666666666667,"to":1838,"last":false,"head":true,"rotate":-57},"geometry":{"type":"Point","coordinates":[26.033,-30.217]}},{"type":"Feature","properties":{"id":"great-trek-transvaal","name":"Great Trek to the Transvaal","kind":"migration","y0":1835.6666666666667,"y1":1836,"to":1838,"last":false},"geometry":{"type":"LineString","coordinates":[[26.033,-30.217],[26.8,-29.2]]}},{"type":"Feature","properties":{"id":"great-trek-transvaal","name":"Great Trek to the Transvaal","kind":"migration","y0":1835.6666666666667,"y1":1836,"to":1838,"last":false,"head":true,"rotate":-57},"geometry":{"type":"Point","coordinates":[26.8,-29.2]}},{"type":"Feature","properties":{"id":"great-trek-transvaal","name":"Great Trek to the Transvaal","kind":"migration","y0":1836,"y1":1836,"to":1838,"last":false},"geometry":{"type":"LineString","coordinates":[[26.8,-29.2],[27.225,-28.15]]}},{"type":"Feature","properties":{"id":"great-trek-transvaal","name":"Great Trek to the Transvaal","kind":"migration","y0":1836,"y1":1836,"to":1838,"last":false,"head":true,"rotate":-70},"geometry":{"type":"Point","coordinates":[27.225,-28.15]}},{"type":"Feature","properties":{"id":"great-trek-transvaal","name":"Great Trek to the Transvaal","kind":"migration","y0":1836,"y1":1836,"to":1838,"last":false},"geometry":{"type":"LineString","coordinates":[[27.225,-28.15],[27.65,-27.1]]}},{"type":"Feature","properties":{"id":"great-trek-transvaal","name":"Great Trek to the Transvaal","kind":"migration","y0":1836,"y1":1836,"to":1838,"last":false,"head":true,"rotate":-70},"geometry":{"type":"Point","coordinates":[27.65,-27.1]}},{"type":"Feature","properties":{"id":"great-trek-transvaal","name":"Great Trek to the Transvaal","kind":"migration","y0":1836,"y1":1838,"to":1838,"last":true},"geometry":{"type":"LineString","coordinates":[[27.65,-27.1],[27.1,-26.7]]}},{"type":"Feature","properties":{"id":"great-trek-transvaal","name":"Great Trek to the Transvaal","kind":"migration","y0":1836,"y1":1838,"to":1838,"last":true,"head":true,"rotate":-141},"geometry":{"type":"Point","coordinates":[27.1,-26.7]}},{"type":"Feature","properties":{"id":"trail-of-tears","name":"Trail of Tears (Cherokee removal)","kind":"removal","y0":1838,"y1":1838,"to":1839,"last":false},"geometry":{"type":"LineString","coordinates":[[-84.8,35.3],[-85.8,35.725]]}},{"type":"Feature","properties":{"id":"trail-of-tears","name":"Trail of Tears (Cherokee removal)","kind":"removal","y0":1838,"y1":1838,"to":1839,"last":false,"head":true,"rotate":-152},"geometry":{"type":"Point","coordinates":[-85.8,35.725]}},{"type":"Feature","properties":{"id":"trail-of-tears","name":"Trail of Tears (Cherokee removal)","kind":"removal","y0":1838,"y1":1838,"to":1839,"last":false},"geometry":{"type":"LineString","coordinates":[[-85.8,35.725],[-86.8,36.15]]}},{"type":"Feature","properties":{"id":"trail-of-tears","name":"Trail of Tears (Cherokee removal)","kind":"removal","y0":1838,"y1":1838,"to":1839,"last":false,"head":true,"rotate":-152},"geometry":{"type":"Point","coordinates":[-86.8,36.15]}},{"type":"Feature","properties":{"id":"trail-of-tears","name":"Trail of Tears (Cherokee removal)","kind":"removal","y0":1838,"y1":1838,"to":1839,"last":false},"geometry":{"type":"LineString","coordinates":[[-86.8,36.15],[-87.65,36.755]]}},{"type":"Feature","properties":{"id":"trail-of-tears","name":"Trail of Tears (Cherokee removal)","kind":"removal","y0":1838,"y1":1838,"to":1839,"last":false,"head":true,"rotate":-138},"geometry":{"type":"Point","coordinates":[-87.65,36.755]}},{"type":"Feature","properties":{"id":"trail-of-tears","name":"Trail of Tears (Cherokee removal)","kind":"removal","y0":1838,"y1":1838,"to":1839,"last":false},"geometry":{"type":"LineString","coordinates":[[-87.65,36.755],[-88.5,37.36]]}},{"type":"Feature","properties":{"id":"trail-of-tears","name":"Trail of Tears (Cherokee removal)","kind":"removal","y0":1838,"y1":1838,"to":1839,"last":false,"head":true,"rotate":-138},"geometry":{"type":"Point","coordinates":[-88.5,37.36]}},{"type":"Feature","properties":{"id":"trail-of-tears","name":"Trail of Tears (Cherokee removal)","kind":"removal","y0":1838,"y1":1839,"to":1839,"last":false},"geometry":{"type":"LineString","coordinates":[[-88.5,37.36],[-89.5,37.3]]}},{"type":"Feature","properties":{"id":"trail-of-tears","name":"Trail of Tears (Cherokee removal)","kind":"removal","y0":1838,"y1":1839,"to":1839,"last":false,"head":true,"rotate":176},"geometry":{"type":"Point","coordinates":[-89.5,37.3]}},{"type":"Feature","properties":{"id":"trail-of-tears","name":"Trail of Tears (Cherokee removal)","kind":"removal","y0":1839,"y1":1839,"to":1839,"last":false},"geometry":{"type":"LineString","coordinates":[[-89.5,37.3],[-90.767,37.267]]}},{"type":"Feature","properties":{"id":"trail-of-tears","name":"Trail of Tears (Cherokee removal)","kind":"removal","y0":1839,"y1":1839,"to":1839,"last":false,"head":true,"rotate":178},"geometry":{"type":"Point","coordinates":[-90.767,37.267]}},{"type":"Feature","properties":{"id":"trail-of-tears","name":"Trail of Tears (Cherokee removal)","kind":"removal","y0":1839,"y1":1839,"to":1839,"last":false},"geometry":{"type":"LineString","coordinates":[[-90.767,37.267],[-92.033,37.233]]}},{"type":"Feature","properties":{"id":"trail-of-tears","name":"Trail of Tears (Cherokee removal)","kind":"removal","y0":1839,"y1":1839,"to":1839,"last":false,"head":true,"rotate":178},"geometry":{"type":"Point","coordinates":[-92.033,37.233]}},{"type":"Feature","properties":{"id":"trail-of-tears","name":"Trail of Tears (Cherokee removal)","kind":"removal","y0":1839,"y1":1839,"to":1839,"last":false},"geometry":{"type":"LineString","coordinates":[[-92.033,37.233],[-93.3,37.2]]}},{"type":"Feature","properties":{"id":"trail-of-tears","name":"Trail of Tears (Cherokee removal)","kind":"removal","y0":1839,"y1":1839,"to":1839,"last":false,"head":true,"rotate":178},"geometry":{"type":"Point","coordinates":[-93.3,37.2]}},{"type":"Feature","properties":{"id":"trail-of-tears","name":"Trail of Tears (Cherokee removal)","kind":"removal","y0":1839,"y1":1839,"to":1839,"last":false},"geometry":{"type":"LineString","coordinates":[[-93.3,37.2],[-94.135,36.555]]}},{"type":"Feature","properties":{"id":"trail-of-tears","name":"Trail of Tears (Cherokee removal)","kind":"removal","y0":1839,"y1":1839,"to":1839,"last":false,"head":true,"rotate":136},"geometry":{"type":"Point","coordinates":[-94.135,36.555]}},{"type":"Feature","properties":{"id":"trail-of-tears","name":"Trail of Tears (Cherokee removal)","kind":"removal","y0":1839,"y1":1839,"to":1839,"last":true},"geometry":{"type":"LineString","coordinates":[[-94.135,36.555],[-94.97,35.91]]}},{"type":"Feature","properties":{"id":"trail-of-tears","name":"Trail of Tears (Cherokee removal)","kind":"removal","y0":1839,"y1":1839,"to":1839,"last":true,"head":true,"rotate":136},"geometry":{"type":"Point","coordinates":[-94.97,35.91]}},{"type":"Feature","properties":{"id":"long-walk","name":"Long Walk of the Navajo","kind":"removal","y0":1864,"y1":1864,"to":1864,"last":false},"geometry":{"type":"LineString","coordinates":[[-109.08,35.75],[-107.865,35.415]]}},{"type":"Feature","properties":{"id":"long-walk","name":"Long Walk of the Navajo","kind":"removal","y0":1864,"y1":1864,"to":1864,"last":false,"head":true,"rotate":19},"geometry":{"type":"Point","coordinates":[-107.865,35.415]}},{"type":"Feature","properties":{"id":"long-walk","name":"Long Walk of the Navajo","kind":"removal","y0":1864,"y1":1864,"to":1864,"last":false},"geometry":{"type":"LineString","coordinates":[[-107.865,35.415],[-106.65,35.08]]}},{"type":"Feature","properties":{"id":"long-walk","name":"Long Walk of the Navajo","kind":"removal","y0":1864,"y1":1864,"to":1864,"last":false,"head":true,"rotate":19},"geometry":{"type":"Point","coordinates":[-106.65,35.08]}},{"type":"Feature","properties":{"id":"long-walk","name":"Long Walk of the Navajo","kind":"removal","y0":1864,"y1":1864,"to":1864,"last":false},"geometry":{"type":"LineString","coordinates":[[-106.65,35.08],[-105.425,34.74]]}},{"type":"Feature","properties":{"id":"long-walk","name":"Long Walk of the Navajo","kind":"removal","y0":1864,"y1":1864,"to":1864,"last":false,"head":true,"rotate":19},"geometry":{"type":"Point","coordinates":[-105.425,34.74]}},{"type":"Feature","properties":{"id":"long-walk","name":"Long Walk of the Navajo","kind":"removal","y0":1864,"y1":1864,"to":1864,"last":true},"geometry":{"type":"LineString","coordinates":[[-105.425,34.74],[-104.2,34.4]]}},{"type":"Feature","properties":{"id":"long-walk","name":"Long Walk of the Navajo","kind":"removal","y0":1864,"y1":1864,"to":1864,"last":true,"head":true,"rotate":19},"geometry":{"type":"Point","coordinates":[-104.2,34.4]}}]}